event_id,event_name,article_id,article_date,article_title,article_url,article_text,relevant_label,note
red_sea_crisis_2023,Red Sea shipping crisis (Houthi attacks),red_sea_crisis_2023-2023-10-10-0000,2023-10-10,Iran s allies in Iraq Yemen threaten U S over intervention in Israel 45029745,https://www.marketscreener.com/news/latest/Iran-s-allies-in-Iraq-Yemen-threaten-U-S-over-intervention-in-Israel-45029745/,Iran s allies in Iraq Yemen threaten U S over intervention in Israel 45029745,,
red_sea_crisis_2023,Red Sea shipping crisis (Houthi attacks),red_sea_crisis_2023-2023-06-12-0001,2023-06-12,red sea boat fire 3 dead,https://dailycaller.com/2023/06/12/red-sea-boat-fire-3-dead/,red sea boat fire 3 dead,,
red_sea_crisis_2023,Red Sea shipping crisis (Houthi attacks),red_sea_crisis_2023-2023-06-04-0000,2023-06-04,community education and mobilization campaigns combat fgm,https://reliefweb.int/report/yemen/community-education-and-mobilization-campaigns-combat-fgm,community education and mobilization campaigns combat fgm,,
red_sea_crisis_2023,Red Sea shipping crisis (Houthi attacks),red_sea_crisis_2023-2023-10-31-0001,2023-10-31,yemens houthi rebels vow more attacks on israel if war in gaza continues 2628761,https://www.newindianexpress.com/nation/2023/oct/31/yemens-houthi-rebels-vow-more-attacks-on-israel-if-war-in-gaza-continues-2628761.html,yemens houthi rebels vow more attacks on israel if war in gaza continues 2628761,,
red_sea_crisis_2023,Red Sea shipping crisis (Houthi attacks),red_sea_crisis_2023-2023-07-26-0000,2023-07-26,2536836 high stakes un operation underway in yemen to avert catastrophic oil spill,https://www.devdiscourse.com/article/headlines/2536836-high-stakes-un-operation-underway-in-yemen-to-avert-catastrophic-oil-spill,2536836 high stakes un operation underway in yemen to avert catastrophic oil spill,,
red_sea_crisis_2023,Red Sea shipping crisis (Houthi attacks),red_sea_crisis_2023-2023-07-16-0000,2023-07-16,the uns yemeni oil tanker operation heres what to know,https://www.aljazeera.com/news/2023/7/16/the-uns-yemeni-oil-tanker-operation-heres-what-to-know,the uns yemeni oil tanker operation heres what to know,,
red_sea_crisis_2023,Red Sea shipping crisis (Houthi attacks),red_sea_crisis_2023-2023-07-12-0000,2023-07-12,buena park to replace shuttered sears with apartments and townhomes 5391059,https://www.theepochtimes.com/buena-park-to-replace-shuttered-sears-with-apartments-and-townhomes_5391059.html,buena park to replace shuttered sears with apartments and townhomes 5391059,,
red_sea_crisis_2023,Red Sea shipping crisis (Houthi attacks),red_sea_crisis_2023-2023-06-18-0000,2023-06-18,official says yemeni pilgrims depart sanaa on 18157992.php,https://www.greenwichtime.com/news/world/article/official-says-yemeni-pilgrims-depart-sanaa-on-18157992.php,official says yemeni pilgrims depart sanaa on 18157992.php,,
red_sea_crisis_2023,Red Sea shipping crisis (Houthi attacks),red_sea_crisis_2023-2023-11-16-0001,2023-11-16,navy warship reportedly shoots down drone near yemen,https://scrippsnews.com/stories/navy-warship-reportedly-shoots-down-drone-near-yemen/,navy warship reportedly shoots down drone near yemen,,
red_sea_crisis_2023,Red Sea shipping crisis (Houthi attacks),red_sea_crisis_2023-2023-06-12-0000,2023-06-12,ltr Baker Opportunity for US to Assist Yemen 51256084,https://www.recorder.com/ltr-Baker-Opportunity-for-US-to-Assist-Yemen-51256084,ltr Baker Opportunity for US to Assist Yemen 51256084,,
red_sea_crisis_2023,Red Sea shipping crisis (Houthi attacks),red_sea_crisis_2023-2023-10-20-0000,2023-10-20,us navy warship red sea intercepts three missiles several drones heading north out yemen,https://www.wkyt.com/2023/10/19/us-navy-warship-red-sea-intercepts-three-missiles-several-drones-heading-north-out-yemen/,us navy warship red sea intercepts three missiles several drones heading north out yemen,,
red_sea_crisis_2023,Red Sea shipping crisis (Houthi attacks),red_sea_crisis_2023-2023-11-07-0000,2023-11-07,yemens houthis launch a new batch of drones against israel statement,https://whbl.com/2023/11/06/yemens-houthis-launch-a-new-batch-of-drones-against-israel-statement/,yemens houthis launch a new batch of drones against israel statement,,
red_sea_crisis_2023,Red Sea shipping crisis (Houthi attacks),red_sea_crisis_2023-2023-09-19-0000,2023-09-19,yemen met artifacts,https://www.nytimes.com/2023/09/19/arts/design/yemen-met-artifacts.html,yemen met artifacts,,
red_sea_crisis_2023,Red Sea shipping crisis (Houthi attacks),red_sea_crisis_2023-2023-06-09-0002,2023-06-09,article 4ae14a04 0630 11ee 9b86 b7ce737f1583,https://www.thenewsguard.com/news/surprising-discovery-glimmer-of-hope-shines-for-endangered-sea-star/article_4ae14a04-0630-11ee-9b86-b7ce737f1583.html,article 4ae14a04 0630 11ee 9b86 b7ce737f1583,,
red_sea_crisis_2023,Red Sea shipping crisis (Houthi attacks),red_sea_crisis_2023-2023-09-26-0000,2023-09-26,bahrain says attack by yemen rebels kills a bahraini officer and a soldier on the saudi border 7596170,https://www.thereminder.ca/world-news/bahrain-says-attack-by-yemen-rebels-kills-a-bahraini-officer-and-a-soldier-on-the-saudi-border-7596170,bahrain says attack by yemen rebels kills a bahraini officer and a soldier on the saudi border 7596170,,
red_sea_crisis_2023,Red Sea shipping crisis (Houthi attacks),red_sea_crisis_2023-2023-09-02-0000,2023-09-02,US UK loot Yemeni resources,https://www.presstv.ir/Detail/2023/09/02/710107/US-UK-loot-Yemeni-resources,US UK loot Yemeni resources,,
red_sea_crisis_2023,Red Sea shipping crisis (Houthi attacks),red_sea_crisis_2023-2023-06-04-0001,2023-06-04,oil tanker breaks down in egypts suez canal disrupting traffic in the global waterway,https://www.mymotherlode.com/news/middle-east/3114925/oil-tanker-breaks-down-in-egypts-suez-canal-disrupting-traffic-in-the-global-waterway.html,oil tanker breaks down in egypts suez canal disrupting traffic in the global waterway,,
red_sea_crisis_2023,Red Sea shipping crisis (Houthi attacks),red_sea_crisis_2023-2023-11-16-0002,2023-11-16,us navy warship shoots down drone from yemen over the red sea,https://dailyjournal.net/2023/11/15/us-navy-warship-shoots-down-drone-from-yemen-over-the-red-sea/,us navy warship shoots down drone from yemen over the red sea,,
red_sea_crisis_2023,Red Sea shipping crisis (Houthi attacks),red_sea_crisis_2023-2023-11-01-0001,2023-11-01,yemeni houthi attack israel iran saudi arabia 9009521,https://indianexpress.com/article/explained/explained-global/yemeni-houthi-attack-israel-iran-saudi-arabia-9009521/,yemeni houthi attack israel iran saudi arabia 9009521,,
red_sea_crisis_2023,Red Sea shipping crisis (Houthi attacks),red_sea_crisis_2023-2023-07-11-0001,2023-07-11,serious breakthrough needed to end conflict in yemen un envoy,https://www.bignewsnetwork.com/news/273894860/serious-breakthrough-needed-to-end-conflict-in-yemen-un-envoy,serious breakthrough needed to end conflict in yemen un envoy,,
red_sea_crisis_2023,Red Sea shipping crisis (Houthi attacks),red_sea_crisis_2023-2023-07-12-0001,2023-07-12,yemen al qaida attack killed military commander e492865179d375b5dc98811af75ad665,https://apnews.com/article/yemen-al-qaida-attack-killed-military-commander-e492865179d375b5dc98811af75ad665,yemen al qaida attack killed military commander e492865179d375b5dc98811af75ad665,,
red_sea_crisis_2023,Red Sea shipping crisis (Houthi attacks),red_sea_crisis_2023-2023-09-15-0002,2023-09-15,saudi arabia invites yemens houthi delegation riyadh ceasefire talks spa 2023 09 14,https://www.reuters.com/world/middle-east/saudi-arabia-invites-yemens-houthi-delegation-riyadh-ceasefire-talks-spa-2023-09-14/,saudi arabia invites yemens houthi delegation riyadh ceasefire talks spa 2023 09 14,,
red_sea_crisis_2023,Red Sea shipping crisis (Houthi attacks),red_sea_crisis_2023-2023-09-30-0000,2023-09-30,unsc rebukes yemens houthis after deadly attack,https://www.plenglish.com/news/2023/09/29/unsc-rebukes-yemens-houthis-after-deadly-attack/,unsc rebukes yemens houthis after deadly attack,,
red_sea_crisis_2023,Red Sea shipping crisis (Houthi attacks),red_sea_crisis_2023-2023-10-28-0000,2023-10-28,Yemen 83175,https://www.funtrivia.com/trivia-quiz/Geography/Yemen-83175.html,Yemen 83175,,
red_sea_crisis_2023,Red Sea shipping crisis (Houthi attacks),red_sea_crisis_2023-2023-09-20-0000,2023-09-20,met returns two antiquities yemen retains possession now,https://www.al-monitor.com/originals/2023/09/met-returns-two-antiquities-yemen-retains-possession-now,met returns two antiquities yemen retains possession now,,
us_chip_export_controls_2022,US semiconductor export controls on China,us_chip_export_controls_2022-2022-06-01-0000,2022-06-01,states that legalize cannabis for adults see minors increase use,https://929thebull.com/states-that-legalize-cannabis-for-adults-see-minors-increase-use/,states that legalize cannabis for adults see minors increase use,,
us_chip_export_controls_2022,US semiconductor export controls on China,us_chip_export_controls_2022-2022-10-04-0005,2022-10-04,article 3e9215d7 fe92 5b51 8aa9 979af79d75f7,https://www.caledonianrecord.com/news/national/schumer-micron-to-bring-microchip-plant-to-upstate-new-york/article_3e9215d7-fe92-5b51-8aa9-979af79d75f7.html,article 3e9215d7 fe92 5b51 8aa9 979af79d75f7,,
us_chip_export_controls_2022,US semiconductor export controls on China,us_chip_export_controls_2022-2022-09-04-0000,2022-09-04,nvidia cease all russia operations ukraine war rages,https://www.datacenterknowledge.com:443/companies/nvidia-cease-all-russia-operations-ukraine-war-rages,nvidia cease all russia operations ukraine war rages,,
us_chip_export_controls_2022,US semiconductor export controls on China,us_chip_export_controls_2022-2022-07-30-0005,2022-07-30,article 9772ee70 0f66 11ed bc6f 9be4381e9e05,https://lacrossetribune.com/chp/news/local/time-capsule-chippewa-aircraft-corporation/article_9772ee70-0f66-11ed-bc6f-9be4381e9e05.html,article 9772ee70 0f66 11ed bc6f 9be4381e9e05,,
us_chip_export_controls_2022,US semiconductor export controls on China,us_chip_export_controls_2022-2022-06-05-0000,2022-06-05,klm cancels all saturday flights from european destinations to schiphol,https://www.bignewsnetwork.com/news/272575902/klm-cancels-all-saturday-flights-from-european-destinations-to-schiphol,klm cancels all saturday flights from european destinations to schiphol,,
us_chip_export_controls_2022,US semiconductor export controls on China,us_chip_export_controls_2022-2022-08-09-0002,2022-08-09,high season bangkoks new cannabis shops could jumpstart tourism this summer,http://www.euronews.com/travel/2022/08/09/high-season-bangkoks-new-cannabis-shops-could-jumpstart-tourism-this-summer,high season bangkoks new cannabis shops could jumpstart tourism this summer,,
us_chip_export_controls_2022,US semiconductor export controls on China,us_chip_export_controls_2022-2022-09-16-0005,2022-09-16,minnesota could lose 46m without cannabis tax study says,https://www.grandforksherald.com/news/minnesota/minnesota-could-lose-46m-without-cannabis-tax-study-says,minnesota could lose 46m without cannabis tax study says,,
us_chip_export_controls_2022,US semiconductor export controls on China,us_chip_export_controls_2022-2022-06-22-0001,2022-06-22,queen seen without walking stick in meeting with archbishop as she is given award,https://www.tudno.co.uk/queen-seen-without-walking-stick-in-meeting-with-archbishop-as-she-is-given-award/,queen seen without walking stick in meeting with archbishop as she is given award,,
us_chip_export_controls_2022,US semiconductor export controls on China,us_chip_export_controls_2022-2021-08-06-0000,2021-08-06,Applicants picked for cannabis cultivation include former DCP head,https://www.myrecordjournal.com/News/Wallingford/Wallingford-News/Applicants-picked-for-cannabis-cultivation-include-former-DCP-head.html,Applicants picked for cannabis cultivation include former DCP head,,
us_chip_export_controls_2022,US semiconductor export controls on China,us_chip_export_controls_2022-2022-05-21-0000,2022-05-21,man who ran ketamine cannabis 7110762,https://www.bristolpost.co.uk/news/bristol-news/man-who-ran-ketamine-cannabis-7110762,man who ran ketamine cannabis 7110762,,
us_chip_export_controls_2022,US semiconductor export controls on China,us_chip_export_controls_2022-2022-08-02-0001,2022-08-02,canadian patients fighting for psilocybin access sue federal government,https://winnipegsun.com/cannabis-news/psychedelics/canadian-patients-fighting-for-psilocybin-access-sue-federal-government,canadian patients fighting for psilocybin access sue federal government,,
us_chip_export_controls_2022,US semiconductor export controls on China,us_chip_export_controls_2022-2022-07-13-0005,2022-07-13,the archipelago project brings music of real life to traverse city,https://www.interlochenpublicradio.org/2022-07-13/the-archipelago-project-brings-music-of-real-life-to-traverse-city,the archipelago project brings music of real life to traverse city,,
us_chip_export_controls_2022,US semiconductor export controls on China,us_chip_export_controls_2022-2022-05-19-0001,2022-05-19,police bust cannabis factory 420am 7102963,https://www.stokesentinel.co.uk/news/stoke-on-trent-news/police-bust-cannabis-factory-420am-7102963,police bust cannabis factory 420am 7102963,,
us_chip_export_controls_2022,US semiconductor export controls on China,us_chip_export_controls_2022-2022-06-04-0003,2022-06-04,himanta biswa sarma gave ppe kit contracts to kin during covid sisodia,https://ummid.com/news/2022/june/04.06.2022/himanta-biswa-sarma-gave-ppe-kit-contracts-to-kin-during-covid-sisodia.html,himanta biswa sarma gave ppe kit contracts to kin during covid sisodia,,
us_chip_export_controls_2022,US semiconductor export controls on China,us_chip_export_controls_2022-2022-07-13-0001,2022-07-13,article fb6d501c 6400 51f9 aee5 ae3d0081b1cb,https://www.kpvi.com/news/regional_news/utah-lawmakers-urged-to-change-the-way-medical-cannabis-is-regulated/article_fb6d501c-6400-51f9-aee5-ae3d0081b1cb.html,article fb6d501c 6400 51f9 aee5 ae3d0081b1cb,,
us_chip_export_controls_2022,US semiconductor export controls on China,us_chip_export_controls_2022-2022-05-02-0000,2022-05-02,greens vow cannabis reform if successful,https://www.sheppnews.com.au/national/greens-vow-cannabis-reform-if-successful/,greens vow cannabis reform if successful,,
us_chip_export_controls_2022,US semiconductor export controls on China,us_chip_export_controls_2022-2022-04-29-0000,2022-04-29,archbishop of canterbury to visit james smith cree nation to meet with residential school survivors,https://thestarphoenix.com/news/local-news/archbishop-of-canterbury-to-visit-james-smith-cree-nation-to-meet-with-residential-school-survivors,archbishop of canterbury to visit james smith cree nation to meet with residential school survivors,,
us_chip_export_controls_2022,US semiconductor export controls on China,us_chip_export_controls_2022-2022-07-22-0002,2022-07-22,samsung may build more chip fabs in texas,https://electronics360.globalspec.com/article/18412/samsung-may-build-more-chip-fabs-in-texas,samsung may build more chip fabs in texas,,
us_chip_export_controls_2022,US semiconductor export controls on China,us_chip_export_controls_2022-2022-04-30-0001,2022-04-30,ar AAWLtqv,https://www.msn.com/en-us/news/technology/countries-will-solve-the-chip-crisis-by-working-together-not-by-acting-alone/ar-AAWLtqv,ar AAWLtqv,,
us_chip_export_controls_2022,US semiconductor export controls on China,us_chip_export_controls_2022-2022-07-18-0001,2022-07-18,the ukraine war means a potato chip company has to rethink its formula,https://www.wuwf.org/2022-07-17/the-ukraine-war-means-a-potato-chip-company-has-to-rethink-its-formula,the ukraine war means a potato chip company has to rethink its formula,,
us_chip_export_controls_2022,US semiconductor export controls on China,us_chip_export_controls_2022-2022-07-14-0002,2022-07-14,taiwan semiconductor outperforms expectations here s how to trade it 16053080,https://realmoney.thestreet.com/investing/taiwan-semiconductor-outperforms-expectations-here-s-how-to-trade-it-16053080,taiwan semiconductor outperforms expectations here s how to trade it 16053080,,
us_chip_export_controls_2022,US semiconductor export controls on China,us_chip_export_controls_2022-2022-09-23-0000,2022-09-23,article f43c1524 3a94 11ed a421 eb80c7d1c495,https://www.mdjonline.com/dining/southern-brunch-biscuit-restaurant-opens-in-acworth/article_f43c1524-3a94-11ed-a421-eb80c7d1c495.html,article f43c1524 3a94 11ed a421 eb80c7d1c495,,
us_chip_export_controls_2022,US semiconductor export controls on China,us_chip_export_controls_2022-2022-06-18-0001,2022-06-18,bs md ci cr baltimore city hall assistant arrested gun charges 20220617 j7mljrbpvjexvbis7coulgu2yi story,http://www.baltimoresun.com/news/crime/bs-md-ci-cr-baltimore-city-hall-assistant-arrested-gun-charges-20220617-j7mljrbpvjexvbis7coulgu2yi-story.html,bs md ci cr baltimore city hall assistant arrested gun charges 20220617 j7mljrbpvjexvbis7coulgu2yi story,,
us_chip_export_controls_2022,US semiconductor export controls on China,us_chip_export_controls_2022-2022-04-19-0002,2022-04-19,congress seeks compromise to boost computer chip industry,https://gasiantimes.com/2022/04/18/congress-seeks-compromise-to-boost-computer-chip-industry/,congress seeks compromise to boost computer chip industry,,
us_chip_export_controls_2022,US semiconductor export controls on China,us_chip_export_controls_2022-2022-08-12-0000,2022-08-12,2022 08 11 attorney general merrick garland provides details on fbis mar a lago raid,https://khvhradio.iheart.com/content/2022-08-11-attorney-general-merrick-garland-provides-details-on-fbis-mar-a-lago-raid/,2022 08 11 attorney general merrick garland provides details on fbis mar a lago raid,,
covid_supply_disruption_2020,COVID-19 global supply chain disruption,covid_supply_disruption_2020-2020-01-22-0031,2020-01-22,4540098002,https://www.thedailyjournal.com/story/life/2020/01/22/briefs-pneumonia-and-influenza-talk-coffee-cop-family-bingo/4540098002/,4540098002,,
covid_supply_disruption_2020,COVID-19 global supply chain disruption,covid_supply_disruption_2020-2020-01-17-0001,2020-01-17,third suspected wuhan virus case detected in singapore man isolated as precaution,https://www.straitstimes.com/asia/se-asia/third-suspected-wuhan-virus-case-detected-in-singapore-man-isolated-as-precaution,third suspected wuhan virus case detected in singapore man isolated as precaution,,
covid_supply_disruption_2020,COVID-19 global supply chain disruption,covid_supply_disruption_2020-2020-01-22-0011,2020-01-22,Content,https://www.piquenewsmagazine.com/whistler/coronavirus-update-case-confirmed-in-washington-state/Content?oid=14947385,Content,,
covid_supply_disruption_2020,COVID-19 global supply chain disruption,covid_supply_disruption_2020-2020-01-15-0003,2020-01-15,18176760.anxiety rises china seeks control coronavirus outbreak,https://www.malverngazette.co.uk/news/national/18176760.anxiety-rises-china-seeks-control-coronavirus-outbreak/,18176760.anxiety rises china seeks control coronavirus outbreak,,
covid_supply_disruption_2020,COVID-19 global supply chain disruption,covid_supply_disruption_2020-2020-01-22-0000,2020-01-22,1st case new coronavirus detected us,https://www.klcc.org/post/1st-case-new-coronavirus-detected-us,1st case new coronavirus detected us,,
covid_supply_disruption_2020,COVID-19 global supply chain disruption,covid_supply_disruption_2020-2020-01-22-0009,2020-01-22,1830298,https://www.malaymail.com/news/world/2020/01/22/health-officials-confirm-first-us-case-of-china-coronavirus-expand-screenin/1830298,1830298,,
covid_supply_disruption_2020,COVID-19 global supply chain disruption,covid_supply_disruption_2020-2020-01-20-0002,2020-01-20,china reports 17 new cases in viral pneumonia outbreak,https://www.southeastasiapost.com/news/263761115/china-reports-17-new-cases-in-viral-pneumonia-outbreak,china reports 17 new cases in viral pneumonia outbreak,,
covid_supply_disruption_2020,COVID-19 global supply chain disruption,covid_supply_disruption_2020-2020-01-15-0001,2020-01-15,first case of coronavirus reported in the u s,https://www.kfdi.com/2020/01/21/first-case-of-coronavirus-reported-in-the-u-s/,first case of coronavirus reported in the u s,,
covid_supply_disruption_2020,COVID-19 global supply chain disruption,covid_supply_disruption_2020-2020-01-09-0001,2020-01-09,wuhan pneumonia outbreak china mystery illness blamed new sars type virus today 2019 01 09,https://www.cbsnews.com/news/wuhan-pneumonia-outbreak-china-mystery-illness-blamed-new-sars-type-virus-today-2019-01-09/,wuhan pneumonia outbreak china mystery illness blamed new sars type virus today 2019 01 09,,
covid_supply_disruption_2020,COVID-19 global supply chain disruption,covid_supply_disruption_2020-2020-01-22-0005,2020-01-22,1st confirmed us case of new coronavirus reported in washington state cdc,http://www.940wfaw.com/news/1st-confirmed-us-case-of-new-coronavirus-reported-in-washington-state-cdc/,1st confirmed us case of new coronavirus reported in washington state cdc,,
covid_supply_disruption_2020,COVID-19 global supply chain disruption,covid_supply_disruption_2020-2020-01-17-0000,2020-01-17,china coronavirus spreads japan thailand 2020 1,https://www.businessinsider.com/china-coronavirus-spreads-japan-thailand-2020-1,china coronavirus spreads japan thailand 2020 1,,
covid_supply_disruption_2020,COVID-19 global supply chain disruption,covid_supply_disruption_2020-2020-01-22-0012,2020-01-22,border officials to screen quarantine travellers at yvr as coronavirus outbreak grows 1.4777248,https://bc.ctvnews.ca/border-officials-to-screen-quarantine-travellers-at-yvr-as-coronavirus-outbreak-grows-1.4777248,border officials to screen quarantine travellers at yvr as coronavirus outbreak grows 1.4777248,,
covid_supply_disruption_2020,COVID-19 global supply chain disruption,covid_supply_disruption_2020-2020-01-18-0000,2020-01-18,503 5b4aaa57 9cf2 407b b6dc 88df5015d329,https://www.kiiitv.com/article/news/nation-world/china-coronavirus-us-airport-screening/503-5b4aaa57-9cf2-407b-b6dc-88df5015d329,503 5b4aaa57 9cf2 407b b6dc 88df5015d329,,
covid_supply_disruption_2020,COVID-19 global supply chain disruption,covid_supply_disruption_2020-2020-01-14-0000,2020-01-14,tourist hit by coronavirus,https://www.bangkokpost.com/thailand/general/1834934/tourist-hit-by-coronavirus,tourist hit by coronavirus,,
covid_supply_disruption_2020,COVID-19 global supply chain disruption,covid_supply_disruption_2020-2020-01-22-0017,2020-01-22,10840022 the new york times first wuhan coronavirus patient identified in the united states,https://www.unian.info/world/10840022-the-new-york-times-first-wuhan-coronavirus-patient-identified-in-the-united-states.html,10840022 the new york times first wuhan coronavirus patient identified in the united states,,
covid_supply_disruption_2020,COVID-19 global supply chain disruption,covid_supply_disruption_2020-2020-01-22-0023,2020-01-22,mystery china coronavirus rare cdc washington united states human,https://www.deseret.com/u-s-world/2020/1/21/21075709/mystery-china-coronavirus-rare-cdc-washington-united-states-human,mystery china coronavirus rare cdc washington united states human,,
covid_supply_disruption_2020,COVID-19 global supply chain disruption,covid_supply_disruption_2020-2020-01-14-0001,2020-01-14,chinese coronavirus update yvr adds screening question and signage 1.24056727,https://www.newwestrecord.ca/chinese-coronavirus-update-yvr-adds-screening-question-and-signage-1.24056727,chinese coronavirus update yvr adds screening question and signage 1.24056727,,
covid_supply_disruption_2020,COVID-19 global supply chain disruption,covid_supply_disruption_2020-2020-01-22-0027,2020-01-22,18900524,https://www.wral.com/first-wuhan-coronavirus-patient-identified-in-the-united-states/18900524/,18900524,,
covid_supply_disruption_2020,COVID-19 global supply chain disruption,covid_supply_disruption_2020-2020-01-17-0003,2020-01-17,the new coronavirus spreads to japan thailand causes another death in china 7921111,https://www.firstpost.com/health/the-new-coronavirus-spreads-to-japan-thailand-causes-another-death-in-china-7921111.html,the new coronavirus spreads to japan thailand causes another death in china 7921111,,
covid_supply_disruption_2020,COVID-19 global supply chain disruption,covid_supply_disruption_2020-2020-01-21-0001,2020-01-21,coronavirus china over 200 cases human human transmission,https://www.wxxinews.org/post/coronavirus-china-over-200-cases-human-human-transmission,coronavirus china over 200 cases human human transmission,,
covid_supply_disruption_2020,COVID-19 global supply chain disruption,covid_supply_disruption_2020-2020-01-22-0003,2020-01-22,wuhan virus mystery virus that has killed 6 triggered worry 6228950,https://indianexpress.com/article/explained/wuhan-virus-mystery-virus-that-has-killed-6-triggered-worry-6228950/,wuhan virus mystery virus that has killed 6 triggered worry 6228950,,
covid_supply_disruption_2020,COVID-19 global supply chain disruption,covid_supply_disruption_2020-2020-01-20-0001,2020-01-20,china says 17 more infected new coronavirus strain,https://www.tnp.sg/news/world/china-says-17-more-infected-new-coronavirus-strain,china says 17 more infected new coronavirus strain,,
covid_supply_disruption_2020,COVID-19 global supply chain disruption,covid_supply_disruption_2020-2020-01-22-0030,2020-01-22,over 9 000 passengers from 43 flights screened for novel coronavirus no cases found govt 120012201293 1,https://www.business-standard.com/article/pti-stories/over-9-000-passengers-from-43-flights-screened-for-novel-coronavirus-no-cases-found-govt-120012201293_1.html,over 9 000 passengers from 43 flights screened for novel coronavirus no cases found govt 120012201293 1,,
covid_supply_disruption_2020,COVID-19 global supply chain disruption,covid_supply_disruption_2020-2020-01-22-0022,2020-01-22,cdc to announce first us case of chinese coronavirus that has killed 6 cnn report,https://www.cnbc.com/2020/01/21/cdc-to-announce-first-us-case-of-chinese-coronavirus-that-has-killed-6-cnn-report.html,cdc to announce first us case of chinese coronavirus that has killed 6 cnn report,,
covid_supply_disruption_2020,COVID-19 global supply chain disruption,covid_supply_disruption_2020-2020-01-20-0000,2020-01-20,article 821d5348 2d77 5df5 9434 128815a9b16f,https://www.heraldmailmedia.com/news/nation/wuhan-pneumonia-outbreak-widens-with-china-increasing-screening/article_821d5348-2d77-5df5-9434-128815a9b16f.html,article 821d5348 2d77 5df5 9434 128815a9b16f,,
renesas_earthquake_2016,Renesas Kumamoto earthquake halts chip plant,renesas_earthquake_2016-2015-12-13-0000,2015-12-13,students jump land with a thud to help schools test earthquake safety,http://www.columbian.com/news/2015/dec/12/students-jump-land-with-a-thud-to-help-schools-test-earthquake-safety/,students jump land with a thud to help schools test earthquake safety,,
renesas_earthquake_2016,Renesas Kumamoto earthquake halts chip plant,renesas_earthquake_2016-2016-04-05-0001,2016-04-05,toyota job fairs set for prestonsburg and hazard,http://www.lanereport.com/62136/2016/04/toyota-job-fairs-set-for-prestonsburg-and-hazard/,toyota job fairs set for prestonsburg and hazard,,
renesas_earthquake_2016,Renesas Kumamoto earthquake halts chip plant,renesas_earthquake_2016-2016-01-02-0000,2016-01-02,92874,http://www.westfieldtimes.com/uk/magnitude-5-7-earthquake-hits-off-nicaragua-no-damages-reported/92874/,92874,,
renesas_earthquake_2016,Renesas Kumamoto earthquake halts chip plant,renesas_earthquake_2016-2016-04-15-0000,2016-04-15,massive earthquake predicted major tremors worldwide,http://www.inquisitr.com/2996749/massive-earthquake-predicted-major-tremors-worldwide/,massive earthquake predicted major tremors worldwide,,
renesas_earthquake_2016,Renesas Kumamoto earthquake halts chip plant,renesas_earthquake_2016-2016-04-10-0000,2016-04-10,2683432,http://www.channelnewsasia.com/mobile/latestnews/strong-earthquake-shakes/2683432.html,2683432,,
renesas_earthquake_2016,Renesas Kumamoto earthquake halts chip plant,renesas_earthquake_2016-2016-04-04-0000,2016-04-04,child nepal earthquake slaves sold uk,http://www.theguardian.com/world/2016/apr/04/child-nepal-earthquake-slaves-sold-uk,child nepal earthquake slaves sold uk,,
renesas_earthquake_2016,Renesas Kumamoto earthquake halts chip plant,renesas_earthquake_2016-2015-10-26-0009,2015-10-26,afghan earthquake rocks asia dozens dead,http://www.kplctv.com/story/30347231/afghan-earthquake-rocks-asia-dozens-dead,afghan earthquake rocks asia dozens dead,,
renesas_earthquake_2016,Renesas Kumamoto earthquake halts chip plant,renesas_earthquake_2016-2016-03-21-0000,2016-03-21,britains prince harry meets survivors of nepal earthquake,http://www.themalaymailonline.com/features/article/britains-prince-harry-meets-survivors-of-nepal-earthquake,britains prince harry meets survivors of nepal earthquake,,
renesas_earthquake_2016,Renesas Kumamoto earthquake halts chip plant,renesas_earthquake_2016-2016-03-30-0000,2016-03-30,fracking fallout 7 9 million at risk of man made earthquakes,http://www.wbap.com/news/fracking-fallout-7-9-million-at-risk-of-man-made-earthquakes/,fracking fallout 7 9 million at risk of man made earthquakes,,
renesas_earthquake_2016,Renesas Kumamoto earthquake halts chip plant,renesas_earthquake_2016-2015-11-19-0003,2015-11-19,early morning earthquake rattles topeka area,http://m.cjonline.com/news/2015-11-19/early-morning-earthquake-rattles-topeka-area,early morning earthquake rattles topeka area,,
renesas_earthquake_2016,Renesas Kumamoto earthquake halts chip plant,renesas_earthquake_2016-2016-02-18-0001,2016-02-18,a 19056429,http://www.dw.com/en/toyota-recalls-29-million-suvs-over-seatbelt-defect/a-19056429,a 19056429,,
renesas_earthquake_2016,Renesas Kumamoto earthquake halts chip plant,renesas_earthquake_2016-2015-12-26-0003,2015-12-26,late night earthquake rattles pakistani capital afghanistan,http://www.theblaze.com/the-wire/37473880/late-night-earthquake-rattles-pakistani-capital-afghanistan/,late night earthquake rattles pakistani capital afghanistan,,
renesas_earthquake_2016,Renesas Kumamoto earthquake halts chip plant,renesas_earthquake_2016-2015-11-19-0001,2015-11-19,story fnjbnxug 1227614411767,http://www.ntnews.com.au/news/national/accc-recalls-counterfeit-toyota-brake-pads-containing-asbestos-imported-from-china/story-fnjbnxug-1227614411767?sv=c6a565a834a2b18a3e08a30498ff6f2a,story fnjbnxug 1227614411767,,
renesas_earthquake_2016,Renesas Kumamoto earthquake halts chip plant,renesas_earthquake_2016-2016-02-11-0001,2016-02-11,los angeles earthquakes similar areas more double earthquake risk,http://www.natureworldnews.com/articles/19846/20160210/los-angeles-earthquakes-similar-areas-more-double-earthquake-risk.htm,los angeles earthquakes similar areas more double earthquake risk,,
renesas_earthquake_2016,Renesas Kumamoto earthquake halts chip plant,renesas_earthquake_2016-2016-01-28-0000,2016-01-28,janesville toyota dealer educates area 130000944,http://finance.yahoo.com/news/janesville-toyota-dealer-educates-area-130000944.html,janesville toyota dealer educates area 130000944,,
renesas_earthquake_2016,Renesas Kumamoto earthquake halts chip plant,renesas_earthquake_2016-2016-01-04-0000,2016-01-04,manipur earthquake 339355,http://www.niticentral.com/2016/01/04/manipur-earthquake-339355.html,manipur earthquake 339355,,
renesas_earthquake_2016,Renesas Kumamoto earthquake halts chip plant,renesas_earthquake_2016-2016-03-31-0000,2016-03-31,2005 earthquake govt demands investigation into reconstruction of schools,http://tribune.com.pk/story/1076053/2005-earthquake-govt-demands-investigation-into-reconstruction-of-schools/,2005 earthquake govt demands investigation into reconstruction of schools,,
renesas_earthquake_2016,Renesas Kumamoto earthquake halts chip plant,renesas_earthquake_2016-2016-03-01-0000,2016-03-01,2947611,http://www.thesatellite.com.au/news/it-has-been-so-hot-my-toyota-dashboard-melted/2947611/,2947611,,
renesas_earthquake_2016,Renesas Kumamoto earthquake halts chip plant,renesas_earthquake_2016-2015-12-17-0000,2015-12-17,50211755.cms,http://timesofindia.indiatimes.com/business/india-business/Ban-should-have-been-done-in-planned-manner-Toyota/articleshow/50211755.cms,50211755.cms,,
renesas_earthquake_2016,Renesas Kumamoto earthquake halts chip plant,renesas_earthquake_2016-2016-01-16-0000,2016-01-16,audio oklahomans pack capitol voice earthquake concerns,http://publicradiotulsa.org/post/audio-oklahomans-pack-capitol-voice-earthquake-concerns,audio oklahomans pack capitol voice earthquake concerns,,
renesas_earthquake_2016,Renesas Kumamoto earthquake halts chip plant,renesas_earthquake_2016-2015-10-26-0005,2015-10-26,699024,http://www.newsmax.com/TheWire/afghan-earthquake-pakistan-dead/2015/10/26/id/699024/,699024,,
renesas_earthquake_2016,Renesas Kumamoto earthquake halts chip plant,renesas_earthquake_2016-2015-12-21-0000,2015-12-21,article 9d6bf421 6b14 572a a707 c2f10c717e2c,http://www.itemlive.com/business/toyota-head-resigns-from-tokyo-olympic-committee/article_9d6bf421-6b14-572a-a707-c2f10c717e2c.html,article 9d6bf421 6b14 572a a707 c2f10c717e2c,,
renesas_earthquake_2016,Renesas Kumamoto earthquake halts chip plant,renesas_earthquake_2016-2015-10-25-0000,2015-10-25,the week that was toyota fortuner audi tts bmw x1,http://www.themotorreport.com.au/62442/the-week-that-was-toyota-fortuner-audi-tts-bmw-x1,the week that was toyota fortuner audi tts bmw x1,,
renesas_earthquake_2016,Renesas Kumamoto earthquake halts chip plant,renesas_earthquake_2016-2016-01-14-0001,2016-01-14,fox creek mayor concerned by oilpatch impacts after earthquake,http://globalnews.ca/news/2452038/fox-creek-mayor-concerned-by-oilpatch-impacts-after-earthquake/,fox creek mayor concerned by oilpatch impacts after earthquake,,
renesas_earthquake_2016,Renesas Kumamoto earthquake halts chip plant,renesas_earthquake_2016-2016-02-03-0001,2016-02-03,55210626,http://www.fox23.com/news/oklahomans-face-new-danger-with-rise-in-earthquakes/55210626,55210626,,
port_los_angeles_backlog_2021,US West Coast port congestion (LA/Long Beach),port_los_angeles_backlog_2021-2021-06-17-0000,2021-06-17,the importance of the us supply chain establishment and the g 7 meeting with korea japan and taiwan,https://watchingamerica.com/WA/2021/06/16/the-importance-of-the-us-supply-chain-establishment-and-the-g-7-meeting-with-korea-japan-and-taiwan/,the importance of the us supply chain establishment and the g 7 meeting with korea japan and taiwan,,
port_los_angeles_backlog_2021,US West Coast port congestion (LA/Long Beach),port_los_angeles_backlog_2021-2021-04-08-0000,2021-04-08,gratomic intends to fully power its aukam processing facility through solar energy by 2022 offering an even greener option to the global electric vehicle supply chain,https://investingnews.com/news/emerging-tech-investing/gratomic-intends-to-fully-power-its-aukam-processing-facility-through-solar-energy-by-2022-offering-an-even-greener-option-to-the-global-electric-vehicle-supply-chain/,gratomic intends to fully power its aukam processing facility through solar energy by 2022 offering an even greener option to the global electric vehicle supply chain,,
port_los_angeles_backlog_2021,US West Coast port congestion (LA/Long Beach),port_los_angeles_backlog_2021-2021-05-21-0000,2021-05-21,africa procurement supply chain awards set to,https://www.modernghana.com/news/1082618/africa-procurement-supply-chain-awards-set-to.html,africa procurement supply chain awards set to,,
port_los_angeles_backlog_2021,US West Coast port congestion (LA/Long Beach),port_los_angeles_backlog_2021-2021-08-06-0000,2021-08-06,keppel om leads development of singapores first comprehensive electric vessel supply chain by 2025,https://www.hellenicshippingnews.com/keppel-om-leads-development-of-singapores-first-comprehensive-electric-vessel-supply-chain-by-2025/,keppel om leads development of singapores first comprehensive electric vessel supply chain by 2025,,
port_los_angeles_backlog_2021,US West Coast port congestion (LA/Long Beach),port_los_angeles_backlog_2021-2021-09-10-0001,2021-09-10,from coffee to microchips how the supply chain crisis is disrupting uk plc,https://www.theguardian.com/business/2021/sep/10/from-coffee-to-microchips-how-the-supply-chain-crisis-is-disrupting-uk-plc,from coffee to microchips how the supply chain crisis is disrupting uk plc,,
port_los_angeles_backlog_2021,US West Coast port congestion (LA/Long Beach),port_los_angeles_backlog_2021-2021-06-22-0000,2021-06-22,beer shortage hits sf bars amidst supply chain hiccups,https://sfist.com/2021/06/21/beer-shortage-hits-sf-bars-amidst-supply-chain-hiccups/,beer shortage hits sf bars amidst supply chain hiccups,,
port_los_angeles_backlog_2021,US West Coast port congestion (LA/Long Beach),port_los_angeles_backlog_2021-2021-09-26-0000,2021-09-26,19605661.foreign hgv driver visa plan insufficient fix christmas supply chain issues,https://www.readingchronicle.co.uk/news/national/19605661.foreign-hgv-driver-visa-plan-insufficient-fix-christmas-supply-chain-issues/,19605661.foreign hgv driver visa plan insufficient fix christmas supply chain issues,,
port_los_angeles_backlog_2021,US West Coast port congestion (LA/Long Beach),port_los_angeles_backlog_2021-2021-08-30-0000,2021-08-30,the workers who keep global supply chains moving are warning of a system collapse,https://www.kitv.com/story/44850400/the-workers-who-keep-global-supply-chains-moving-are-warning-of-a-system-collapse,the workers who keep global supply chains moving are warning of a system collapse,,
port_los_angeles_backlog_2021,US West Coast port congestion (LA/Long Beach),port_los_angeles_backlog_2021-2021-07-29-0000,2021-07-29,catchcomau digitally transform supply chain blue yonder 1738489,https://www.ibtimes.com.au/press-release/20210729/catchcomau-digitally-transform-supply-chain-blue-yonder-1738489,catchcomau digitally transform supply chain blue yonder 1738489,,
port_los_angeles_backlog_2021,US West Coast port congestion (LA/Long Beach),port_los_angeles_backlog_2021-2021-07-13-0001,2021-07-13,supply chains are a top driver of client demand for professional services in 2021 but some clients still struggle to realize the full value,https://www.newyorktelegraph.com/news/270280105/supply-chains-are-a-top-driver-of-client-demand-for-professional-services-in-2021-but-some-clients-still-struggle-to-realize-the-full-value,supply chains are a top driver of client demand for professional services in 2021 but some clients still struggle to realize the full value,,
port_los_angeles_backlog_2021,US West Coast port congestion (LA/Long Beach),port_los_angeles_backlog_2021-2021-09-22-0000,2021-09-22,lincolnshire food shortages blamed on supply chain issues,https://thelincolnite.co.uk/2021/09/lincolnshire-food-shortages-blamed-on-supply-chain-issues/,lincolnshire food shortages blamed on supply chain issues,,
port_los_angeles_backlog_2021,US West Coast port congestion (LA/Long Beach),port_los_angeles_backlog_2021-2021-07-22-0000,2021-07-22,Australia s Woodside signs agreement with Japanese firms to study ammonia supply chain 161768,https://www.bunkerworld.com/news/Australia-s-Woodside-signs-agreement-with-Japanese-firms-to-study-ammonia-supply-chain-161768,Australia s Woodside signs agreement with Japanese firms to study ammonia supply chain 161768,,
port_los_angeles_backlog_2021,US West Coast port congestion (LA/Long Beach),port_los_angeles_backlog_2021-2021-05-01-0000,2021-05-01,supply chain trends in food  beverage,https://www.forbes.com/sites/ryder/2021/05/01/supply-chain-trends-in-food--beverage/,supply chain trends in food  beverage,,
port_los_angeles_backlog_2021,US West Coast port congestion (LA/Long Beach),port_los_angeles_backlog_2021-2021-06-13-0000,2021-06-13,dairy and whiskey sectors stress need to protect cross border supply chains,https://www.agriland.ie/farming-news/dairy-and-whiskey-sectors-stress-need-to-protect-cross-border-supply-chains/,dairy and whiskey sectors stress need to protect cross border supply chains,,
port_los_angeles_backlog_2021,US West Coast port congestion (LA/Long Beach),port_los_angeles_backlog_2021-2021-04-24-0000,2021-04-24,samsung follows apples lead and drops ofilm from their supply chain due to human rights violations,https://www.patentlyapple.com/patently-apple/2021/04/samsung-follows-apples-lead-and-drops-ofilm-from-their-supply-chain-due-to-human-rights-violations.html,samsung follows apples lead and drops ofilm from their supply chain due to human rights violations,,
port_los_angeles_backlog_2021,US West Coast port congestion (LA/Long Beach),port_los_angeles_backlog_2021-2021-06-10-0000,2021-06-10,university hospital ceo national supply chain we need find solutions,https://www.healthleadersmedia.com/strategy/university-hospital-ceo-national-supply-chain-we-need-find-solutions,university hospital ceo national supply chain we need find solutions,,
port_los_angeles_backlog_2021,US West Coast port congestion (LA/Long Beach),port_los_angeles_backlog_2021-2021-08-04-0000,2021-08-04,postal services commit to protect supply chains in pandemic hit areas 762063,https://vietnamnet.vn/en/sci-tech-environment/postal-services-commit-to-protect-supply-chains-in-pandemic-hit-areas-762063.html,postal services commit to protect supply chains in pandemic hit areas 762063,,
port_los_angeles_backlog_2021,US West Coast port congestion (LA/Long Beach),port_los_angeles_backlog_2021-2021-08-03-0000,2021-08-03,report finds high risk of slavery in canadian supply chains calls for stricter import controls and new due diligence law,https://www.business-humanrights.org/es/%C3%BAltimas-noticias/report-finds-high-risk-of-slavery-in-canadian-supply-chains-calls-for-stricter-import-controls-and-new-due-diligence-law/,report finds high risk of slavery in canadian supply chains calls for stricter import controls and new due diligence law,,
port_los_angeles_backlog_2021,US West Coast port congestion (LA/Long Beach),port_los_angeles_backlog_2021-2021-08-19-0000,2021-08-19,retailers charter boats to circumvent supply chain crisis get goods from overseas,https://www.hellenicshippingnews.com/retailers-charter-boats-to-circumvent-supply-chain-crisis-get-goods-from-overseas/,retailers charter boats to circumvent supply chain crisis get goods from overseas,,
port_los_angeles_backlog_2021,US West Coast port congestion (LA/Long Beach),port_los_angeles_backlog_2021-2021-07-19-0000,2021-07-19,the vulnerable points in south africa s fuel supply chain 78022,https://www.downtoearth.org.in/blog/africa/the-vulnerable-points-in-south-africa-s-fuel-supply-chain-78022,the vulnerable points in south africa s fuel supply chain 78022,,
port_los_angeles_backlog_2021,US West Coast port congestion (LA/Long Beach),port_los_angeles_backlog_2021-2021-09-09-0000,2021-09-09,guinea bissau plays a crucial role in global bauxite supply chain by miguel artacho,https://www.africanews.com/2021/09/08/guinea-bissau-plays-a-crucial-role-in-global-bauxite-supply-chain-by-miguel-artacho/,guinea bissau plays a crucial role in global bauxite supply chain by miguel artacho,,
port_los_angeles_backlog_2021,US West Coast port congestion (LA/Long Beach),port_los_angeles_backlog_2021-2021-07-12-0000,2021-07-12,uk government boost cyber security food supply chains,https://www.computing.co.uk/news/4034283/uk-government-boost-cyber-security-food-supply-chains,uk government boost cyber security food supply chains,,
port_los_angeles_backlog_2021,US West Coast port congestion (LA/Long Beach),port_los_angeles_backlog_2021-2021-04-19-0000,2021-04-19,rutgers master of supply chain management boosts careers of military and veterans 301271287,https://www.prnewswire.com:443/news-releases/rutgers-master-of-supply-chain-management-boosts-careers-of-military-and-veterans-301271287.html,rutgers master of supply chain management boosts careers of military and veterans 301271287,,
port_los_angeles_backlog_2021,US West Coast port congestion (LA/Long Beach),port_los_angeles_backlog_2021-2021-09-28-0000,2021-09-28,offshore wind powers north east jobs in a boost for uk supply chain,https://www.gov.uk/government/news/offshore-wind-powers-north-east-jobs-in-a-boost-for-uk-supply-chain,offshore wind powers north east jobs in a boost for uk supply chain,,
port_los_angeles_backlog_2021,US West Coast port congestion (LA/Long Beach),port_los_angeles_backlog_2021-2021-09-25-0000,2021-09-25,quad summit to discuss afghanistan supply chains,https://www.shanghaisun.com/news/271286223/quad-summit-to-discuss-afghanistan-supply-chains,quad summit to discuss afghanistan supply chains,,
toyota_steel_explosion_2019,Toyota engine plant steel explosion (Japan),toyota_steel_explosion_2019-2019-03-19-0000,2019-03-19,501 13ac38ce 96ad 47fc a851 5269367e042d,https://www.cbs19.tv/article/news/family-member-of-girl-killed-in-new-london-explosion-shares-her-story/501-13ac38ce-96ad-47fc-a851-5269367e042d,501 13ac38ce 96ad 47fc a851 5269367e042d,,
toyota_steel_explosion_2019,Toyota engine plant steel explosion (Japan),toyota_steel_explosion_2019-2018-12-21-0002,2018-12-21,steelworkers set up community fund for former members 270193,https://www.southerngazette.ca/business/steelworkers-set-up-community-fund-for-former-members-270193/,steelworkers set up community fund for former members 270193,,
toyota_steel_explosion_2019,Toyota engine plant steel explosion (Japan),toyota_steel_explosion_2019-2019-05-14-0001,2019-05-14,china steelmakers set record as profits slump,https://www.shanghainews.net/news/261026904/china-steelmakers-set-record-as-profits-slump,china steelmakers set record as profits slump,,
toyota_steel_explosion_2019,Toyota engine plant steel explosion (Japan),toyota_steel_explosion_2019-2018-12-16-0000,2018-12-16,trump trade war china steel tariffs could cost us families jobs 2018 12,https://www.businessinsider.com/trump-trade-war-china-steel-tariffs-could-cost-us-families-jobs-2018-12,trump trade war china steel tariffs could cost us families jobs 2018 12,,
toyota_steel_explosion_2019,Toyota engine plant steel explosion (Japan),toyota_steel_explosion_2019-2019-05-25-0000,2019-05-25,explosion in lyon france leaves several people injured,https://kxlh.com/cnn-europe-mideast-africa/2019/05/24/explosion-in-lyon-france-leaves-several-people-injured/,explosion in lyon france leaves several people injured,,
toyota_steel_explosion_2019,Toyota engine plant steel explosion (Japan),toyota_steel_explosion_2019-2018-12-25-0002,2018-12-25,article25825127.ece,https://www.thehindubusinessline.com/companies/lands-acquired-for-tata-steel-plant-in-chhattisgarh-to-be-given-back-to-farmers/article25825127.ece,article25825127.ece,,
toyota_steel_explosion_2019,Toyota engine plant steel explosion (Japan),toyota_steel_explosion_2019-2019-01-07-0002,2019-01-07,toyota sharelunker program wraps up 2018 with 486 entries,http://outdoornewsdaily.com/toyota-sharelunker-program-wraps-up-2018-with-486-entries/,toyota sharelunker program wraps up 2018 with 486 entries,,
toyota_steel_explosion_2019,Toyota engine plant steel explosion (Japan),toyota_steel_explosion_2019-2019-04-21-0002,2019-04-21,1942539285,https://www.wkrg.com/news/international/more-than-200-people-killed-following-easter-sunday-explosions-in-sri-lanka/1942539285,1942539285,,
toyota_steel_explosion_2019,Toyota engine plant steel explosion (Japan),toyota_steel_explosion_2019-2019-01-10-0001,2019-01-10,article25961125.ece,https://www.thehindu.com/news/national/kerala/police-unearth-steel-bombs-at-kallachi/article25961125.ece,article25961125.ece,,
toyota_steel_explosion_2019,Toyota engine plant steel explosion (Japan),toyota_steel_explosion_2019-2019-05-18-0008,2019-05-18,article 5b075008 f136 57a8 8311 7abd57e319d0,http://www.northwestgeorgianews.com/associated_press/trump-agrees-to-lift-steel-tariffs-mexico-canada-agree-to/article_5b075008-f136-57a8-8311-7abd57e319d0.html,article 5b075008 f136 57a8 8311 7abd57e319d0,,
toyota_steel_explosion_2019,Toyota engine plant steel explosion (Japan),toyota_steel_explosion_2019-2019-04-29-0001,2019-04-29,44 persons in the custody of the cid in connection with the explosions at 8 places 15 in tid custody,http://www.hirunews.lk/215400/44-persons-in-the-custody-of-the-cid-in-connection-with-the-explosions-at-8-places-15-in-tid-custody,44 persons in the custody of the cid in connection with the explosions at 8 places 15 in tid custody,,
toyota_steel_explosion_2019,Toyota engine plant steel explosion (Japan),toyota_steel_explosion_2019-2019-03-05-0005,2019-03-05,201903051072970245 steele cancels appearance dossier,https://sputniknews.com/europe/201903051072970245-steele-cancels-appearance-dossier/,201903051072970245 steele cancels appearance dossier,,
toyota_steel_explosion_2019,Toyota engine plant steel explosion (Japan),toyota_steel_explosion_2019-2019-04-14-0000,2019-04-14,judas priest british steel anniversary,https://loudwire.com/judas-priest-british-steel-anniversary/,judas priest british steel anniversary,,
toyota_steel_explosion_2019,Toyota engine plant steel explosion (Japan),toyota_steel_explosion_2019-2018-12-17-0004,2018-12-17,thyssenkrupp tata steel announce executive leadership for planned jv 118121700949 1,https://www.business-standard.com/article/news-ians/thyssenkrupp-tata-steel-announce-executive-leadership-for-planned-jv-118121700949_1.html,thyssenkrupp tata steel announce executive leadership for planned jv 118121700949 1,,
toyota_steel_explosion_2019,Toyota engine plant steel explosion (Japan),toyota_steel_explosion_2019-2019-02-28-0000,2019-02-28,678ede04a9b86554d52043363a39460d,https://www.heraldsun.com.au/news/world/egypt-train-accident-locomotive-explosion-leaves-at-least-25-dead-many-more-injured/news-story/678ede04a9b86554d52043363a39460d?nk=f709c31c1c6b95cfe29dd4588d729746-1551311263,678ede04a9b86554d52043363a39460d,,
toyota_steel_explosion_2019,Toyota engine plant steel explosion (Japan),toyota_steel_explosion_2019-2019-02-27-0001,2019-02-27,explosion kills army major wife in myanmar buthidaung township,https://www.pakistantelegraph.com/news/259715666/explosion-kills-army-major-wife-in-myanmar-buthidaung-township,explosion kills army major wife in myanmar buthidaung township,,
toyota_steel_explosion_2019,Toyota engine plant steel explosion (Japan),toyota_steel_explosion_2019-2019-03-15-0002,2019-03-15,Rockets Fired From Gaza At Tel Aviv Explosions,https://www.onenewspage.com/n/Front+Page/1zkh09c7gt/Rockets-Fired-From-Gaza-At-Tel-Aviv-Explosions.htm,Rockets Fired From Gaza At Tel Aviv Explosions,,
toyota_steel_explosion_2019,Toyota engine plant steel explosion (Japan),toyota_steel_explosion_2019-2019-03-28-0002,2019-03-28,dont blink trump tariffs steel ceos tell u 231135553  finance,https://news.yahoo.com/dont-blink-trump-tariffs-steel-ceos-tell-u-231135553--finance.html,dont blink trump tariffs steel ceos tell u 231135553  finance,,
toyota_steel_explosion_2019,Toyota engine plant steel explosion (Japan),toyota_steel_explosion_2019-2019-01-31-0000,2019-01-31,,https://www.huffingtonpost.ca/2019/01/30/usmca-steel-tariffs_a_23656902/?ec_carp=7856838683877928504,,,
toyota_steel_explosion_2019,Toyota engine plant steel explosion (Japan),toyota_steel_explosion_2019-2019-04-06-0001,2019-04-06,68755499.cms,http://articles.economictimes.indiatimes.com/industry/indl-goods/svs/steel/cbi-raids-bhushan-steel-and-powers-premises-in-rs-2348-crore-bank-fraud-case/articleshow/68755499.cms,68755499.cms,,
toyota_steel_explosion_2019,Toyota engine plant steel explosion (Japan),toyota_steel_explosion_2019-2018-03-28-0000,2018-03-28,dont blink trump tariffs steel ceos tell u 231135553  finance,https://news.yahoo.com/dont-blink-trump-tariffs-steel-ceos-tell-u-231135553--finance.html,dont blink trump tariffs steel ceos tell u 231135553  finance,,
toyota_steel_explosion_2019,Toyota engine plant steel explosion (Japan),toyota_steel_explosion_2019-2019-05-10-0000,2019-05-10,article Say no to steel quotas,http://www.gilmermirror.com/view/full_story/27642907/article-Say-no-to-steel-quotas,article Say no to steel quotas,,
toyota_steel_explosion_2019,Toyota engine plant steel explosion (Japan),toyota_steel_explosion_2019-2018-12-28-0000,2018-12-28,toyota wants to put a robot in every home and make it your pal,https://www.thejakartapost.com/life/2018/12/27/toyota-wants-to-put-a-robot-in-every-home-and-make-it-your-pal.html,toyota wants to put a robot in every home and make it your pal,,
toyota_steel_explosion_2019,Toyota engine plant steel explosion (Japan),toyota_steel_explosion_2019-2019-05-01-0000,2019-05-01,new review of worker safety underway seven years after b c mill explosions,https://www.cowichanvalleycitizen.com/news/new-review-of-worker-safety-underway-seven-years-after-b-c-mill-explosions/,new review of worker safety underway seven years after b c mill explosions,,
toyota_steel_explosion_2019,Toyota engine plant steel explosion (Japan),toyota_steel_explosion_2019-2019-06-02-0000,2019-06-02,massive explosions hit russian munitions plant dozens injured,https://www.irishsun.com/news/261266503/massive-explosions-hit-russian-munitions-plant-dozens-injured,massive explosions hit russian munitions plant dozens injured,,
europe_energy_crisis_2022,European energy crisis (Russian gas cutoff),europe_energy_crisis_2022-2022-06-01-0000,2022-06-01,japan wont quit russian gas project minister,https://www.europesun.com/news/272571598/japan-wont-quit-russian-gas-project-minister,japan wont quit russian gas project minister,,
europe_energy_crisis_2022,European energy crisis (Russian gas cutoff),europe_energy_crisis_2022-2022-07-22-0001,2022-07-22,finding the right way forward in pakistans energy crisis,https://thediplomat.com/2022/07/finding-the-right-way-forward-in-pakistans-energy-crisis/,finding the right way forward in pakistans energy crisis,,
europe_energy_crisis_2022,European energy crisis (Russian gas cutoff),europe_energy_crisis_2022-2022-04-12-0001,2022-04-12,fm szijjarto hungary continue paying russian gas euros ruble gazprom,https://hungarytoday.hu/fm-szijjarto-hungary-continue-paying-russian-gas-euros-ruble-gazprom/,fm szijjarto hungary continue paying russian gas euros ruble gazprom,,
europe_energy_crisis_2022,European energy crisis (Russian gas cutoff),europe_energy_crisis_2022-2022-07-25-0001,2022-07-25,kremlin nord stream 1 turbine be installed volumes will adjust,https://english.aawsat.com/home/article/3778386/kremlin-nord-stream-1-turbine-be-installed-volumes-will-adjust,kremlin nord stream 1 turbine be installed volumes will adjust,,
europe_energy_crisis_2022,European energy crisis (Russian gas cutoff),europe_energy_crisis_2022-2022-06-25-0000,2022-06-25,egypts lng exports to europe receive boost amid gas crisis,https://www.hellenicshippingnews.com/egypts-lng-exports-to-europe-receive-boost-amid-gas-crisis/,egypts lng exports to europe receive boost amid gas crisis,,
europe_energy_crisis_2022,European energy crisis (Russian gas cutoff),europe_energy_crisis_2022-2022-04-27-0000,2022-04-27,poland and bulgaria face russian gas cut as ukraine crisis escalates,https://www.thestar.com.my/news/world/2022/04/27/poland-and-bulgaria-face-russian-gas-cut-as-ukraine-crisis-escalates,poland and bulgaria face russian gas cut as ukraine crisis escalates,,
europe_energy_crisis_2022,European energy crisis (Russian gas cutoff),europe_energy_crisis_2022-2022-03-25-0000,2022-03-25,u s strikes deal to help europe replace russian gas imports 1.1742712,https://www.bnnbloomberg.ca/u-s-strikes-deal-to-help-europe-replace-russian-gas-imports-1.1742712,u s strikes deal to help europe replace russian gas imports 1.1742712,,
europe_energy_crisis_2022,European energy crisis (Russian gas cutoff),europe_energy_crisis_2022-2022-04-16-0000,2022-04-16,why germany can t quit russian gas,https://www.morningbrew.com/daily/stories/2022/04/22/why-germany-can-t-quit-russian-gas,why germany can t quit russian gas,,
europe_energy_crisis_2022,European energy crisis (Russian gas cutoff),europe_energy_crisis_2022-2022-05-12-0005,2022-05-12,ukraine gives europe another wakeup call on russian gas,https://www.kake.com/story/46476477/ukraine-gives-europe-another-wakeup-call-on-russian-gas,ukraine gives europe another wakeup call on russian gas,,
europe_energy_crisis_2022,European energy crisis (Russian gas cutoff),europe_energy_crisis_2022-2022-03-30-0000,2022-03-30,european union raids gazprom offices in germany in price probe 1.1745265,https://www.bnnbloomberg.ca/european-union-raids-gazprom-offices-in-germany-in-price-probe-1.1745265,european union raids gazprom offices in germany in price probe 1.1745265,,
europe_energy_crisis_2022,European energy crisis (Russian gas cutoff),europe_energy_crisis_2022-2022-05-23-0000,2022-05-23,Poland Terminates Deal To Receive Russian Gas,https://oilprice.com/Latest-Energy-News/World-News/Poland-Terminates-Deal-To-Receive-Russian-Gas.html,Poland Terminates Deal To Receive Russian Gas,,
europe_energy_crisis_2022,European energy crisis (Russian gas cutoff),europe_energy_crisis_2022-2022-03-06-0000,2022-03-06,gazprom westbound gas via pipeline to germany hits a snag 4316864,https://www.theepochtimes.com/gazprom-westbound-gas-via-pipeline-to-germany-hits-a-snag_4316864.html,gazprom westbound gas via pipeline to germany hits a snag 4316864,,
europe_energy_crisis_2022,European energy crisis (Russian gas cutoff),europe_energy_crisis_2022-2022-07-19-0001,2022-07-19,europe begs authoritarian countries for gas amid energy crisis,https://www.shorenewsnetwork.com/2022/07/19/europe-begs-authoritarian-countries-for-gas-amid-energy-crisis/,europe begs authoritarian countries for gas amid energy crisis,,
europe_energy_crisis_2022,European energy crisis (Russian gas cutoff),europe_energy_crisis_2022-2022-08-04-0000,2022-08-04,gazprom says gas turbine delivery to russia is impossible due to sanctions afr,https://news.topwirenews.com/2022/08/03/gazprom-says-gas-turbine-delivery-to-russia-is-impossible-due-to-sanctions-afr/,gazprom says gas turbine delivery to russia is impossible due to sanctions afr,,
europe_energy_crisis_2022,European energy crisis (Russian gas cutoff),europe_energy_crisis_2022-2022-08-04-0001,2022-08-04,saudi arabia uae oil production vow significantly increase energy crisis 2022 8,https://markets.businessinsider.com/news/commodities/saudi-arabia-uae-oil-production-vow-significantly-increase-energy-crisis-2022-8,saudi arabia uae oil production vow significantly increase energy crisis 2022 8,,
europe_energy_crisis_2022,European energy crisis (Russian gas cutoff),europe_energy_crisis_2022-2022-04-12-0000,2022-04-12,hungary says its ready to pay for russian gas in rubles,https://www.russiaherald.com/news/272471908/hungary-says-its-ready-to-pay-for-russian-gas-in-rubles,hungary says its ready to pay for russian gas in rubles,,
europe_energy_crisis_2022,European energy crisis (Russian gas cutoff),europe_energy_crisis_2022-2022-05-29-0001,2022-05-29,Lagos Free Zone Announces Major Expansion Plan By BASF,https://menafn.com/1104287414/Lagos-Free-Zone-Announces-Major-Expansion-Plan-By-BASF,Lagos Free Zone Announces Major Expansion Plan By BASF,,
europe_energy_crisis_2022,European energy crisis (Russian gas cutoff),europe_energy_crisis_2022-2022-07-25-0000,2022-07-25,egypts lng exports to europe receive boost amid gas crisis,https://www.hellenicshippingnews.com/egypts-lng-exports-to-europe-receive-boost-amid-gas-crisis/,egypts lng exports to europe receive boost amid gas crisis,,
europe_energy_crisis_2022,European energy crisis (Russian gas cutoff),europe_energy_crisis_2022-2022-04-02-0000,2022-04-02,today s energy crisis will reshape tomorrow s world 20220331 p5a9ru,https://www.watoday.com.au/environment/climate-change/today-s-energy-crisis-will-reshape-tomorrow-s-world-20220331-p5a9ru.html,today s energy crisis will reshape tomorrow s world 20220331 p5a9ru,,
europe_energy_crisis_2022,European energy crisis (Russian gas cutoff),europe_energy_crisis_2022-2022-07-31-0000,2022-07-31,cuba cancels carnival celebration among measures to mitigate energy crisis,https://lavocedinewyork.com/en/news/2022/07/30/cuba-cancels-carnival-celebration-among-measures-to-mitigate-energy-crisis/,cuba cancels carnival celebration among measures to mitigate energy crisis,,
europe_energy_crisis_2022,European energy crisis (Russian gas cutoff),europe_energy_crisis_2022-2022-03-22-0000,2022-03-22,clueless celebrities attempt to worsen energy crisis,https://www.investmentwatchblog.com/clueless-celebrities-attempt-to-worsen-energy-crisis/,clueless celebrities attempt to worsen energy crisis,,
europe_energy_crisis_2022,European energy crisis (Russian gas cutoff),europe_energy_crisis_2022-2022-06-23-0000,2022-06-23,Canada Unlikely To Return Blocked Gazprom Turbine,https://oilprice.com/Latest-Energy-News/World-News/Canada-Unlikely-To-Return-Blocked-Gazprom-Turbine.html,Canada Unlikely To Return Blocked Gazprom Turbine,,
europe_energy_crisis_2022,European energy crisis (Russian gas cutoff),europe_energy_crisis_2022-2022-04-19-0000,2022-04-19,Ex Gazprombank Executive Kills His Family Before Shooting Himself,https://oilprice.com/Latest-Energy-News/World-News/Ex-Gazprombank-Executive-Kills-His-Family-Before-Shooting-Himself.html,Ex Gazprombank Executive Kills His Family Before Shooting Himself,,
europe_energy_crisis_2022,European energy crisis (Russian gas cutoff),europe_energy_crisis_2022-2022-06-24-0000,2022-06-24,nord stream pipeline to be switched off for 10 days,https://www.russiaherald.com/news/272596886/nord-stream-pipeline-to-be-switched-off-for-10-days,nord stream pipeline to be switched off for 10 days,,
europe_energy_crisis_2022,European energy crisis (Russian gas cutoff),europe_energy_crisis_2022-2022-07-28-0001,2022-07-28,eu ban on russian gas impossible   austria,https://www.bignewsnetwork.com/news/272635531/eu-ban-on-russian-gas-impossible---austria,eu ban on russian gas impossible   austria,,
renesas_naka_plant_fire_2021,Renesas Naka fab fire halts auto chip supply,renesas_naka_plant_fire_2021-2020-12-16-0000,2020-12-16,Renesas and FAW Establish Joint Laboratory to Accelerate Development of Next Generation Smart Vehicles for Chinas Automotive Market,https://www.businesswire.com/news/home/20201216005174/en/Renesas-and-FAW-Establish-Joint-Laboratory-to-Accelerate-Development-of-Next-Generation-Smart-Vehicles-for-Chinas-Automotive-Market,Renesas and FAW Establish Joint Laboratory to Accelerate Development of Next Generation Smart Vehicles for Chinas Automotive Market,,
taiwan_strait_crisis_2022,Taiwan Strait crisis (Pelosi visit and PLA drills),taiwan_strait_crisis_2022-2022-06-30-0000,2022-06-30,man threatened to kidnap hurt gen milley and pelosi feds say,https://americanmilitarynews.com/2022/06/man-threatened-to-kidnap-hurt-gen-milley-and-pelosi-feds-say/,man threatened to kidnap hurt gen milley and pelosi feds say,,
taiwan_strait_crisis_2022,Taiwan Strait crisis (Pelosi visit and PLA drills),taiwan_strait_crisis_2022-2022-04-18-0000,2022-04-18,nancy pelosi endorses charlie crist 142200688,https://news.yahoo.com/nancy-pelosi-endorses-charlie-crist-142200688.html,nancy pelosi endorses charlie crist 142200688,,
taiwan_strait_crisis_2022,Taiwan Strait crisis (Pelosi visit and PLA drills),taiwan_strait_crisis_2022-2022-03-25-0000,2022-03-25,nancy pelosi clarence thomas recusal 1330798,https://www.rollingstone.com/politics/politics-news/nancy-pelosi-clarence-thomas-recusal-1330798/,nancy pelosi clarence thomas recusal 1330798,,
taiwan_strait_crisis_2022,Taiwan Strait crisis (Pelosi visit and PLA drills),taiwan_strait_crisis_2022-2022-05-21-0001,2022-05-21,u s house speaker pelosi barred from catholic communion over abortion stance 1.5913253,https://www.ctvnews.ca/world/u-s-house-speaker-pelosi-barred-from-catholic-communion-over-abortion-stance-1.5913253,u s house speaker pelosi barred from catholic communion over abortion stance 1.5913253,,
taiwan_strait_crisis_2022,Taiwan Strait crisis (Pelosi visit and PLA drills),taiwan_strait_crisis_2022-2022-07-31-0000,2022-07-31,china announces military exercises as pelosis possible trip to taiwan looms,https://www.wdiy.org/npr-news/npr-news/2022-07-30/china-announces-military-exercises-as-pelosis-possible-trip-to-taiwan-looms,china announces military exercises as pelosis possible trip to taiwan looms,,
taiwan_strait_crisis_2022,Taiwan Strait crisis (Pelosi visit and PLA drills),taiwan_strait_crisis_2022-2022-03-26-0000,2022-03-26,Man stole Nancy Pelosis lectern Capitol riot said going prison party joke,https://www.dailymail.co.uk/news/article-10653561/Man-stole-Nancy-Pelosis-lectern-Capitol-riot-said-going-prison-party-joke.html,Man stole Nancy Pelosis lectern Capitol riot said going prison party joke,,
taiwan_strait_crisis_2022,Taiwan Strait crisis (Pelosi visit and PLA drills),taiwan_strait_crisis_2022-2022-06-17-0000,2022-06-17,jesse watters nancy pelosi refuses to condemn attacks pregnancy centers,https://www.foxnews.com/media/jesse-watters-nancy-pelosi-refuses-to-condemn-attacks-pregnancy-centers,jesse watters nancy pelosi refuses to condemn attacks pregnancy centers,,
taiwan_strait_crisis_2022,Taiwan Strait crisis (Pelosi visit and PLA drills),taiwan_strait_crisis_2022-2022-06-10-0000,2022-06-10,pelosi delays security bill for supreme court justices even after murder attempt against kavanaugh,https://www1.cbn.com/cbnnews/politics/2022/june/pelosi-delays-security-bill-for-supreme-court-justices-even-after-murder-attempt-against-kavanaugh,pelosi delays security bill for supreme court justices even after murder attempt against kavanaugh,,
taiwan_strait_crisis_2022,Taiwan Strait crisis (Pelosi visit and PLA drills),taiwan_strait_crisis_2022-2021-07-29-0000,2021-07-29,ar AA104B4O,https://www.msn.com/en-us/news/world/pelosi-leading-delegation-to-asia-friday-with-taiwan-visit-still-undecided/ar-AA104B4O,ar AA104B4O,,
taiwan_strait_crisis_2022,Taiwan Strait crisis (Pelosi visit and PLA drills),taiwan_strait_crisis_2022-2022-06-29-0000,2022-06-29,nancy pelosi time democrats house leader over midterms 1720238,https://www.newsweek.com/nancy-pelosi-time-democrats-house-leader-over-midterms-1720238,nancy pelosi time democrats house leader over midterms 1720238,,
taiwan_strait_crisis_2022,Taiwan Strait crisis (Pelosi visit and PLA drills),taiwan_strait_crisis_2022-2022-05-18-0000,2022-05-18,ar AAXovWg,http://www.msn.com/en-us/news/politics/republican-who-put-tent-on-nancy-pelosi-s-lawn-slams-desantis-protest-law/ar-AAXovWg,ar AAXovWg,,
taiwan_strait_crisis_2022,Taiwan Strait crisis (Pelosi visit and PLA drills),taiwan_strait_crisis_2022-2022-05-30-0006,2022-05-30,paul pelosi dui nancy pelosi,https://www.cbsnews.com/news/paul-pelosi-dui-nancy-pelosi/,paul pelosi dui nancy pelosi,,
taiwan_strait_crisis_2022,Taiwan Strait crisis (Pelosi visit and PLA drills),taiwan_strait_crisis_2022-2022-02-04-0000,2022-02-04,ar AATs2Yr,http://www.msn.com/en-us/news/politics/pelosi-to-offer-full-support-if-congressional-staff-decide-to-unionize/ar-AATs2Yr,ar AATs2Yr,,
taiwan_strait_crisis_2022,Taiwan Strait crisis (Pelosi visit and PLA drills),taiwan_strait_crisis_2022-2022-03-04-0001,2022-03-04,Pelosi supports halting Russian oil imports to 16975444.php,https://www.newstimes.com/news/article/Pelosi-supports-halting-Russian-oil-imports-to-16975444.php,Pelosi supports halting Russian oil imports to 16975444.php,,
taiwan_strait_crisis_2022,Taiwan Strait crisis (Pelosi visit and PLA drills),taiwan_strait_crisis_2022-2022-05-21-0000,2022-05-21,breaking pelosis archbishop orders her to stop receiving communion over abortion n470919,https://hotair.com/ed-morrissey/2022/05/20/breaking-pelosis-archbishop-orders-her-to-stop-receiving-communion-over-abortion-n470919,breaking pelosis archbishop orders her to stop receiving communion over abortion n470919,,
taiwan_strait_crisis_2022,Taiwan Strait crisis (Pelosi visit and PLA drills),taiwan_strait_crisis_2022-2022-05-16-0000,2022-05-16,mayor london breed speaker nancy pelosi celebrate grand opening of 100 affordable housing in mission,https://www.postnewsgroup.com/mayor-london-breed-speaker-nancy-pelosi-celebrate-grand-opening-of-100-affordable-housing-in-mission/,mayor london breed speaker nancy pelosi celebrate grand opening of 100 affordable housing in mission,,
taiwan_strait_crisis_2022,Taiwan Strait crisis (Pelosi visit and PLA drills),taiwan_strait_crisis_2022-2022-05-02-0001,2022-05-02,ukrainian ambassador calls pelosi s visit to kyiv a special delight,https://www.newsbreak.com/news/2588991950146/ukrainian-ambassador-calls-pelosi-s-visit-to-kyiv-a-special-delight,ukrainian ambassador calls pelosi s visit to kyiv a special delight,,
taiwan_strait_crisis_2022,Taiwan Strait crisis (Pelosi visit and PLA drills),taiwan_strait_crisis_2022-2022-02-17-0000,2022-02-17,bennett presses pelosi on iron dome funding thanks her for support,https://www.timesofisrael.com/bennett-presses-pelosi-on-iron-dome-funding-thanks-her-for-support/,bennett presses pelosi on iron dome funding thanks her for support,,
taiwan_strait_crisis_2022,Taiwan Strait crisis (Pelosi visit and PLA drills),taiwan_strait_crisis_2022-2022-07-25-0002,2022-07-25,newt gingrich pelosi tell biden officials shut taiwan visit,https://www.foxnews.com/media/newt-gingrich-pelosi-tell-biden-officials-shut-taiwan-visit,newt gingrich pelosi tell biden officials shut taiwan visit,,
taiwan_strait_crisis_2022,Taiwan Strait crisis (Pelosi visit and PLA drills),taiwan_strait_crisis_2022-2022-06-24-0000,2022-06-24,507 7762a8da 9771 4c1b a113 fcd5134e8fde,https://www.abc10.com/article/news/nation-world/paul-pelosi-dui-charge/507-7762a8da-9771-4c1b-a113-fcd5134e8fde,507 7762a8da 9771 4c1b a113 fcd5134e8fde,,
taiwan_strait_crisis_2022,Taiwan Strait crisis (Pelosi visit and PLA drills),taiwan_strait_crisis_2022-2022-02-24-0000,2022-02-24,article 17649a6e bfc1 5517 b739 d5481d603fec,https://www.bozemandailychronicle.com/ap_news/washington/pelosi-confident-in-security-for-biden-speech-trucker-rally/article_17649a6e-bfc1-5517-b739-d5481d603fec.html,article 17649a6e bfc1 5517 b739 d5481d603fec,,
taiwan_strait_crisis_2022,Taiwan Strait crisis (Pelosi visit and PLA drills),taiwan_strait_crisis_2022-2022-07-22-0000,2022-07-22,us military may be afraid china will shoot down pelosis plane over taiwan pelosi says,https://americanmilitarynews.com/2022/07/us-military-may-be-afraid-china-will-shoot-down-pelosis-plane-over-taiwan-pelosi-says/,us military may be afraid china will shoot down pelosis plane over taiwan pelosi says,,
taiwan_strait_crisis_2022,Taiwan Strait crisis (Pelosi visit and PLA drills),taiwan_strait_crisis_2022-2022-07-28-0002,2022-07-28,Pelosi to Taiwan would be career capstone 17333688.php,https://www.chron.com/news/article/Pelosi-to-Taiwan-would-be-career-capstone-17333688.php,Pelosi to Taiwan would be career capstone 17333688.php,,
taiwan_strait_crisis_2022,Taiwan Strait crisis (Pelosi visit and PLA drills),taiwan_strait_crisis_2022-2022-02-18-0000,2022-02-18,2976306,https://www.nbcwashington.com/news/politics/pelosi-opens-biden-state-of-the-union-speech-to-full-house/2976306/,2976306,,
taiwan_strait_crisis_2022,Taiwan Strait crisis (Pelosi visit and PLA drills),taiwan_strait_crisis_2022-2022-06-11-0000,2022-06-11,devin nunes if republicans win november pelosi likely wont be,https://cnsnews.com/index.php/article/washington/melanie-arter/devin-nunes-if-republicans-win-november-pelosi-likely-wont-be,devin nunes if republicans win november pelosi likely wont be,,
us_china_tariff_war_2018,US Section 301 tariffs on China (trade war round 1),us_china_tariff_war_2018-2018-03-20-0000,2018-03-20,reuters america u s expected to impose up to 60 bln in china tariffs by friday sources,https://www.cnbc.com/2018/03/19/reuters-america-u-s-expected-to-impose-up-to-60-bln-in-china-tariffs-by-friday-sources.html,reuters america u s expected to impose up to 60 bln in china tariffs by friday sources,,
us_china_tariff_war_2018,US Section 301 tariffs on China (trade war round 1),us_china_tariff_war_2018-2018-07-04-0001,2018-07-04,1281827992,https://www.mystateline.com/news/local-pork-producers-worry-trade-war-tariffs-could-hurt-business/1281827992,1281827992,,
us_china_tariff_war_2018,US Section 301 tariffs on China (trade war round 1),us_china_tariff_war_2018-2018-06-27-0000,2018-06-27,section 301 report wrong on china trade by yongding yu 2018 06,https://www.project-syndicate.org/commentary/section-301-report-wrong-on-china-trade-by-yongding-yu-2018-06,section 301 report wrong on china trade by yongding yu 2018 06,,
us_china_tariff_war_2018,US Section 301 tariffs on China (trade war round 1),us_china_tariff_war_2018-2018-05-21-0001,2018-05-21,no winners in a us china trade war,http://www.eastasiaforum.org/2018/05/21/no-winners-in-a-us-china-trade-war/,no winners in a us china trade war,,
us_china_tariff_war_2018,US Section 301 tariffs on China (trade war round 1),us_china_tariff_war_2018-2018-06-17-0001,2018-06-17,465 3d1e5085 c2a1 4689 a760 15968f9e301c,https://www.wbir.com/article/news/nation-now/china-tariffs-on-us-soybeans-could-cost-iowa-farmers-up-to-624-million/465-3d1e5085-c2a1-4689-a760-15968f9e301c,465 3d1e5085 c2a1 4689 a760 15968f9e301c,,
us_china_tariff_war_2018,US Section 301 tariffs on China (trade war round 1),us_china_tariff_war_2018-2018-03-23-0001,2018-03-23,us economy at risk without china tariffs gordon chang,https://www.foxbusiness.com/markets/us-economy-at-risk-without-china-tariffs-gordon-chang,us economy at risk without china tariffs gordon chang,,
us_china_tariff_war_2018,US Section 301 tariffs on China (trade war round 1),us_china_tariff_war_2018-2018-04-05-0000,2018-04-05,trump china trade war tariffs 456053,https://www.politico.com/story/2018/04/04/trump-china-trade-war-tariffs-456053,trump china trade war tariffs 456053,,
us_china_tariff_war_2018,US Section 301 tariffs on China (trade war round 1),us_china_tariff_war_2018-2018-06-14-0001,2018-06-14,866006,https://www.newsmax.com/politics/donald-trump-trade-advisers-china-tariffs-trade/2018/06/13/id/866006/,866006,,
us_china_tariff_war_2018,US Section 301 tariffs on China (trade war round 1),us_china_tariff_war_2018-2018-06-20-0001,2018-06-20,article 23c13f6f 2e59 5b10 8b23 9798e3516901,https://www.delaware1059.com/news/national/nebraska-corn-farmers-oppose-trump-s-tariffs-on-china/article_23c13f6f-2e59-5b10-8b23-9798e3516901.html,article 23c13f6f 2e59 5b10 8b23 9798e3516901,,
us_china_tariff_war_2018,US Section 301 tariffs on China (trade war round 1),us_china_tariff_war_2018-2018-05-15-0000,2018-05-15,482605221,http://www.startribune.com/minnesota-med-tech-industry-seeks-china-tariff-relief/482605221/,482605221,,
us_china_tariff_war_2018,US Section 301 tariffs on China (trade war round 1),us_china_tariff_war_2018-2018-03-26-0001,2018-03-26,thai tourism stocks may be a safe haven in u s china trade war,https://skift.com/2018/03/25/thai-tourism-stocks-may-be-a-safe-haven-in-u-s-china-trade-war/,thai tourism stocks may be a safe haven in u s china trade war,,
us_china_tariff_war_2018,US Section 301 tariffs on China (trade war round 1),us_china_tariff_war_2018-2018-06-17-0000,2018-06-17,465 3d1e5085 c2a1 4689 a760 15968f9e301c,https://www.wzzm13.com/article/news/nation-now/china-tariffs-on-us-soybeans-could-cost-iowa-farmers-up-to-624-million/465-3d1e5085-c2a1-4689-a760-15968f9e301c,465 3d1e5085 c2a1 4689 a760 15968f9e301c,,
us_china_tariff_war_2018,US Section 301 tariffs on China (trade war round 1),us_china_tariff_war_2018-2018-03-24-0000,2018-03-24,u s pork to feel further chill from china tariff threat,https://www.grainews.ca/daily/u-s-pork-to-feel-further-chill-from-china-tariff-threat,u s pork to feel further chill from china tariff threat,,
us_china_tariff_war_2018,US Section 301 tariffs on China (trade war round 1),us_china_tariff_war_2018-2018-04-06-0003,2018-04-06,trump proposes 100 billion more in tariffs on china 118040600084 1,http://www.business-standard.com/article/reuters/trump-proposes-100-billion-more-in-tariffs-on-china-118040600084_1.html,trump proposes 100 billion more in tariffs on china 118040600084 1,,
us_china_tariff_war_2018,US Section 301 tariffs on China (trade war round 1),us_china_tariff_war_2018-2018-04-19-0001,2018-04-19,US sorghum growers fear China tariffs could cost 12845728.php,https://www.beaumontenterprise.com/news/texas/article/US-sorghum-growers-fear-China-tariffs-could-cost-12845728.php,US sorghum growers fear China tariffs could cost 12845728.php,,
us_china_tariff_war_2018,US Section 301 tariffs on China (trade war round 1),us_china_tariff_war_2018-2018-04-12-0001,2018-04-12,more than 100 trade groups oppose china tariff plans 1523487726,https://www.wsj.com/articles/more-than-100-trade-groups-oppose-china-tariff-plans-1523487726,more than 100 trade groups oppose china tariff plans 1523487726,,
us_china_tariff_war_2018,US Section 301 tariffs on China (trade war round 1),us_china_tariff_war_2018-2018-05-15-0002,2018-05-15,impact of qualcomm and zte cases on us china trade war,https://thediplomat.com/2018/05/impact-of-qualcomm-and-zte-cases-on-us-china-trade-war/,impact of qualcomm and zte cases on us china trade war,,
us_china_tariff_war_2018,US Section 301 tariffs on China (trade war round 1),us_china_tariff_war_2018-2018-06-14-0000,2018-06-14,trump to meet with top trade advisers on activation of china tariffs source,https://news.mb.com.ph/2018/06/14/trump-to-meet-with-top-trade-advisers-on-activation-of-china-tariffs-source/,trump to meet with top trade advisers on activation of china tariffs source,,
us_china_tariff_war_2018,US Section 301 tariffs on China (trade war round 1),us_china_tariff_war_2018-2018-05-16-0000,2018-05-16,executives sound off on trumps proposed china tariffs,http://www.kmjnow.com/news/executives-sound-off-on-trumps-proposed-china-tariffs/,executives sound off on trumps proposed china tariffs,,
us_china_tariff_war_2018,US Section 301 tariffs on China (trade war round 1),us_china_tariff_war_2018-2018-03-19-0001,2018-03-19,trumps possible china tariffs send opponents scrambling,https://macaudailytimes.com.mo/trumps-possible-china-tariffs-send-opponents-scrambling.html,trumps possible china tariffs send opponents scrambling,,
us_china_tariff_war_2018,US Section 301 tariffs on China (trade war round 1),us_china_tariff_war_2018-2018-04-03-0002,2018-04-03,trump to unveil china tariff list this week targeting tech goods 20180403,http://www.thegazette.com/subject/news/nation-and-world/trump-to-unveil-china-tariff-list-this-week-targeting-tech-goods-20180403,trump to unveil china tariff list this week targeting tech goods 20180403,,
us_china_tariff_war_2018,US Section 301 tariffs on China (trade war round 1),us_china_tariff_war_2018-2018-04-01-0000,2018-04-01,trumps  60 billion in china tariffs will create more problems than they solve news trade sd4l69efajbgf,http://www.sify.com/finance/trumps--60-billion-in-china-tariffs-will-create-more-problems-than-they-solve-news-trade-sd4l69efajbgf.html,trumps  60 billion in china tariffs will create more problems than they solve news trade sd4l69efajbgf,,
us_china_tariff_war_2018,US Section 301 tariffs on China (trade war round 1),us_china_tariff_war_2018-2018-03-16-0000,2018-03-16,us chamber of commerce warns trump against china tariffs,http://www.abc-7.com/story/37736076/us-chamber-of-commerce-warns-trump-against-china-tariffs,us chamber of commerce warns trump against china tariffs,,
us_china_tariff_war_2018,US Section 301 tariffs on China (trade war round 1),us_china_tariff_war_2018-2018-04-07-0001,2018-04-07,china tariffs on soy sorghum spread fear in us farm country idUKKCN1HB2R6,https://uk.reuters.com/article/us-usa-trade-china-crops/china-tariffs-on-soy-sorghum-spread-fear-in-us-farm-country-idUKKCN1HB2R6,china tariffs on soy sorghum spread fear in us farm country idUKKCN1HB2R6,,
us_china_tariff_war_2018,US Section 301 tariffs on China (trade war round 1),us_china_tariff_war_2018-2018-01-15-0000,2018-01-15,trump sharpens knives us china trade war,http://www.telegraph.co.uk/business/2018/01/14/trump-sharpens-knives-us-china-trade-war/,trump sharpens knives us china trade war,,
hurricane_maria_2017,Hurricane Maria hits Puerto Rico (pharma manufacturing),hurricane_maria_2017-2017-09-19-0011,2017-09-19,861049,http://www.financialexpress.com/world-news/hurricane-maria-gathers-more-strength-on-course-through-eastern-caribbean/861049/,861049,,
hurricane_maria_2017,Hurricane Maria hits Puerto Rico (pharma manufacturing),hurricane_maria_2017-2017-09-19-0009,2017-09-19,622535211,http://www.krdo.com/news/national-international-news/hurricane-maria-poses-new-threat-to-debtladen-puerto-rico/622535211,622535211,,
hurricane_maria_2017,Hurricane Maria hits Puerto Rico (pharma manufacturing),hurricane_maria_2017-2017-07-27-0000,2017-07-27,baxter internationals nysebax underweight rating reaffirmed at morgan stanley,https://www.themarketsdaily.com/2017/07/26/baxter-internationals-nysebax-underweight-rating-reaffirmed-at-morgan-stanley.html,baxter internationals nysebax underweight rating reaffirmed at morgan stanley,,
hurricane_maria_2017,Hurricane Maria hits Puerto Rico (pharma manufacturing),hurricane_maria_2017-2017-09-19-0022,2017-09-19,680049001,http://www.azcentral.com/story/news/world/2017/09/19/hurricane-maria-devastation/680049001/,680049001,,
hurricane_maria_2017,Hurricane Maria hits Puerto Rico (pharma manufacturing),hurricane_maria_2017-2017-09-19-0020,2017-09-19,445573073,http://www.startribune.com/hurricane-maria-month-s-2nd-cat-5-storm-lashes-at-dominica/445573073/,445573073,,
hurricane_maria_2017,Hurricane Maria hits Puerto Rico (pharma manufacturing),hurricane_maria_2017-2017-04-06-0000,2017-04-06,president trump backs ted baxter 15713660,http://oldies1390.iheart.com/onair/rush-limbaugh-55812/president-trump-backs-ted-baxter-15713660/,president trump backs ted baxter 15713660,,
hurricane_maria_2017,Hurricane Maria hits Puerto Rico (pharma manufacturing),hurricane_maria_2017-2017-05-04-0000,2017-05-04,101214754,http://www.baxterbulletin.com/story/news/local/2017/05/03/nine-asumh-students-become-womens-business-leadership-center-founding-class/101214754/,101214754,,
hurricane_maria_2017,Hurricane Maria hits Puerto Rico (pharma manufacturing),hurricane_maria_2017-2017-09-19-0014,2017-09-19,hurricane maria st thomas braces for storm after irma,https://www.cbsnews.com/news/hurricane-maria-st-thomas-braces-for-storm-after-irma/,hurricane maria st thomas braces for storm after irma,,
hurricane_maria_2017,Hurricane Maria hits Puerto Rico (pharma manufacturing),hurricane_maria_2017-2017-05-02-0000,2017-05-02,50454,https://baxternewsreview.com/equity-watch-checking-on-the-levels-for-global-x-msci-portugal-etf-pgal/50454/,50454,,
hurricane_maria_2017,Hurricane Maria hits Puerto Rico (pharma manufacturing),hurricane_maria_2017-2017-09-19-0018,2017-09-19,hurricane maria latest gfs european models map path update,http://heavy.com/news/2017/09/hurricane-maria-latest-gfs-european-models-map-path-update/,hurricane maria latest gfs european models map path update,,
hurricane_maria_2017,Hurricane Maria hits Puerto Rico (pharma manufacturing),hurricane_maria_2017-2017-09-19-0016,2017-09-19,7564151 hurricane maria smashes dominica now menaces other islands,https://www.guelphmercury.com/news-story/7564151-hurricane-maria-smashes-dominica-now-menaces-other-islands/,7564151 hurricane maria smashes dominica now menaces other islands,,
hurricane_maria_2017,Hurricane Maria hits Puerto Rico (pharma manufacturing),hurricane_maria_2017-2017-04-17-0001,2017-04-17,visual arts review mary baxter painting far west texas 9342706,http://www.houstonpress.com/arts/visual-arts-review-mary-baxter-painting-far-west-texas-9342706,visual arts review mary baxter painting far west texas 9342706,,
hurricane_maria_2017,Hurricane Maria hits Puerto Rico (pharma manufacturing),hurricane_maria_2017-2017-08-31-0000,2017-08-31,11991 baxter international and claris lifesciences order preserves u s competition for the injectable drugs intravenous fluconazole and intravenous milrinone,http://www.imperialvalleynews.com/index.php/news/latest-news/11991-baxter-international-and-claris-lifesciences-order-preserves-u-s-competition-for-the-injectable-drugs-intravenous-fluconazole-and-intravenous-milrinone.html,11991 baxter international and claris lifesciences order preserves u s competition for the injectable drugs intravenous fluconazole and intravenous milrinone,,
hurricane_maria_2017,Hurricane Maria hits Puerto Rico (pharma manufacturing),hurricane_maria_2017-2017-09-19-0012,2017-09-19,hurricane maria strengthens to cat 3,http://www.courier-tribune.com/news/20170918/hurricane-maria-strengthens-to-cat-3,hurricane maria strengthens to cat 3,,
hurricane_maria_2017,Hurricane Maria hits Puerto Rico (pharma manufacturing),hurricane_maria_2017-2017-09-19-0006,2017-09-19,hurricane maria irma caribbean,https://www.nytimes.com/2017/09/18/world/americas/hurricane-maria-irma-caribbean.html,hurricane maria irma caribbean,,
hurricane_maria_2017,Hurricane Maria hits Puerto Rico (pharma manufacturing),hurricane_maria_2017-2017-08-05-0000,2017-08-05,baxter healthcare worker sacked after washing feet in food container srg2bzjpz,https://www.thetimes.co.uk/article/baxter-healthcare-worker-sacked-after-washing-feet-in-food-container-srg2bzjpz,baxter healthcare worker sacked after washing feet in food container srg2bzjpz,,
hurricane_maria_2017,Hurricane Maria hits Puerto Rico (pharma manufacturing),hurricane_maria_2017-2017-08-10-0000,2017-08-10,552946001,http://www.baxterbulletin.com/story/news/local/2017/08/09/five-election-centers-proposed-marion-county/552946001/,552946001,,
hurricane_maria_2017,Hurricane Maria hits Puerto Rico (pharma manufacturing),hurricane_maria_2017-2017-09-19-0005,2017-09-19,hurricane maria to hit puerto rico virgin islands this week,https://www.cntraveler.com/story/hurricane-maria-to-hit-puerto-rico-virgin-islands-this-week,hurricane maria to hit puerto rico virgin islands this week,,
hurricane_maria_2017,Hurricane Maria hits Puerto Rico (pharma manufacturing),hurricane_maria_2017-2017-05-13-0000,2017-05-13,residents near baxter park suggesting a fundraising campaign to restore or rebuild the rundown former kinsmen centre,http://www.theobserver.ca/2017/05/12/residents-near-baxter-park-suggesting-a-fundraising-campaign-to-restore-or-rebuild-the-rundown-former-kinsmen-centre,residents near baxter park suggesting a fundraising campaign to restore or rebuild the rundown former kinsmen centre,,
hurricane_maria_2017,Hurricane Maria hits Puerto Rico (pharma manufacturing),hurricane_maria_2017-2017-09-19-0008,2017-09-19,islanders trapped as hurricane maria strengthens to category four storm 11042675,http://news.sky.com/story/islanders-trapped-as-hurricane-maria-strengthens-to-category-four-storm-11042675,islanders trapped as hurricane maria strengthens to category four storm 11042675,,
hurricane_maria_2017,Hurricane Maria hits Puerto Rico (pharma manufacturing),hurricane_maria_2017-2017-09-19-0021,2017-09-19,Hurricane Maria headed for Puerto Rico after hitting,http://www.onenewspage.com/n/Technology/75efe5mle/Hurricane-Maria-headed-for-Puerto-Rico-after-hitting.htm,Hurricane Maria headed for Puerto Rico after hitting,,
hurricane_maria_2017,Hurricane Maria hits Puerto Rico (pharma manufacturing),hurricane_maria_2017-2017-09-08-0000,2017-09-08,systematic financial management lp reduces holdings in baxter international inc bax,https://www.dailypolitical.com/2017/09/08/systematic-financial-management-lp-reduces-holdings-in-baxter-international-inc-bax.html,systematic financial management lp reduces holdings in baxter international inc bax,,
hurricane_maria_2017,Hurricane Maria hits Puerto Rico (pharma manufacturing),hurricane_maria_2017-2017-08-10-0001,2017-08-10,553553001,http://www.baxterbulletin.com/story/news/local/2017/08/09/asumh-students-have-access-free-kayaks-canoes-paddle-boards/553553001/,553553001,,
hurricane_maria_2017,Hurricane Maria hits Puerto Rico (pharma manufacturing),hurricane_maria_2017-2017-09-19-0000,2017-09-19,622301694,http://www.wfmz.com/weather/extremely-dangerous-hurricane-maria-heading-for-dominica-puerto-rico/622301694,622301694,,
hurricane_maria_2017,Hurricane Maria hits Puerto Rico (pharma manufacturing),hurricane_maria_2017-2017-09-19-0007,2017-09-19,hurricane maria grows threatens storm battered caribbean 0,https://www.wthr.com/article/hurricane-maria-grows-threatens-storm-battered-caribbean-0,hurricane maria grows threatens storm battered caribbean 0,,
uaw_auto_strike_2023,UAW targeted strike against Detroit Three automakers,uaw_auto_strike_2023-2023-06-29-0000,2023-06-29,huawei to launch full suite of 5 5g products in 2022,https://shanghaiist.com/huawei-to-launch-full-suite-of-5-5g-products-in-2022/,huawei to launch full suite of 5 5g products in 2022,,
uaw_auto_strike_2023,UAW targeted strike against Detroit Three automakers,uaw_auto_strike_2023-2023-08-31-0000,2023-08-31,article d7f5726b c206 5b1b 8ad2 4de6f7ff2b5d,https://www.meridianstar.com/news/nation_and_world/uaw-chief-union-to-strike-any-detroit-automaker-that-hasnt-reached-deal-as-contracts-end/article_d7f5726b-c206-5b1b-8ad2-4de6f7ff2b5d.html,article d7f5726b c206 5b1b 8ad2 4de6f7ff2b5d,,
uaw_auto_strike_2023,UAW targeted strike against Detroit Three automakers,uaw_auto_strike_2023-2023-08-16-0001,2023-08-16,uaw members set to vote on strike authorization in metro detroit,https://www.clickondetroit.com/news/local/2023/08/15/uaw-members-set-to-vote-on-strike-authorization-in-metro-detroit/,uaw members set to vote on strike authorization in metro detroit,,
uaw_auto_strike_2023,UAW targeted strike against Detroit Three automakers,uaw_auto_strike_2023-2023-06-15-0000,2023-06-15,huawei banned in eu but develops there anyway id148208,https://www.phonearena.com/news/huawei-banned-in-eu-but-develops-there-anyway_id148208,huawei banned in eu but develops there anyway id148208,,
uaw_auto_strike_2023,UAW targeted strike against Detroit Three automakers,uaw_auto_strike_2023-2023-04-21-0000,2023-04-21,u s fines seagate us 300 million for selling to huawei,https://www.swfinstitute.org/news/96836/u-s-fines-seagate-us-300-million-for-selling-to-huawei,u s fines seagate us 300 million for selling to huawei,,
uaw_auto_strike_2023,UAW targeted strike against Detroit Three automakers,uaw_auto_strike_2023-2023-09-14-0002,2023-09-14,Ryanair Pays Out Over 30 000 to Spanish Woman Who Fell Whilst Disembarking,https://www.flightaware.com/squawks/view/1/today/popular/93848/Ryanair_Pays_Out_Over_30_000_to_Spanish_Woman_Who_Fell_Whilst_Disembarking,Ryanair Pays Out Over 30 000 to Spanish Woman Who Fell Whilst Disembarking,,
uaw_auto_strike_2023,UAW targeted strike against Detroit Three automakers,uaw_auto_strike_2023-2023-08-19-0000,2023-08-19,breaking boundaries huaweis mate 60 series pushes the limits with dual 4g and 5g,https://www.gizchina.com/2023/08/18/breaking-boundaries-huaweis-mate-60-series-pushes-the-limits-with-dual-4g-and-5g/,breaking boundaries huaweis mate 60 series pushes the limits with dual 4g and 5g,,
uaw_auto_strike_2023,UAW targeted strike against Detroit Three automakers,uaw_auto_strike_2023-2023-08-02-0001,2023-08-02,UAW to show list of economic demands to automakers this week will seek worker pay if plants close 44486698,https://www.marketscreener.com/quote/stock/FORD-MOTOR-COMPANY-12542/news/UAW-to-show-list-of-economic-demands-to-automakers-this-week-will-seek-worker-pay-if-plants-close-44486698/,UAW to show list of economic demands to automakers this week will seek worker pay if plants close 44486698,,
uaw_auto_strike_2023,UAW targeted strike against Detroit Three automakers,uaw_auto_strike_2023-2023-08-17-0001,2023-08-17,huawei intel and atu collaborate to launch pan african innovation challenge to bridge the digital divide,https://malawi24.com/2023/08/17/huawei-intel-and-atu-collaborate-to-launch-pan-african-innovation-challenge-to-bridge-the-digital-divide/,huawei intel and atu collaborate to launch pan african innovation challenge to bridge the digital divide,,
uaw_auto_strike_2023,UAW targeted strike against Detroit Three automakers,uaw_auto_strike_2023-2023-09-14-0004,2023-09-14,huawei and xiaomi ink cross licensing agreement,https://newsghana.com.gh/huawei-and-xiaomi-ink-cross-licensing-agreement/,huawei and xiaomi ink cross licensing agreement,,
uaw_auto_strike_2023,UAW targeted strike against Detroit Three automakers,uaw_auto_strike_2023-2023-08-25-0000,2023-08-25,103067834.cms,https://timesofindia.indiatimes.com/world/south-asia/taliban-says-huawei-to-install-cameras-to-locate-terrorists/articleshow/103067834.cms,103067834.cms,,
uaw_auto_strike_2023,UAW targeted strike against Detroit Three automakers,uaw_auto_strike_2023-2023-03-31-0000,2023-03-31,huawei cloud expands partner network in latin america and the caribbean,https://www.bnamericas.com/en/news/huawei-cloud-expands-partner-network-in-latin-america-and-the-caribbean,huawei cloud expands partner network in latin america and the caribbean,,
uaw_auto_strike_2023,UAW targeted strike against Detroit Three automakers,uaw_auto_strike_2023-2023-09-14-0001,2023-09-14,IATA Reacts After Greatest Fear Amsterdam Slot Cut Confirmed,https://www.flightaware.com/squawks/view/1/today/popular/93850/IATA_Reacts_After_Greatest_Fear_Amsterdam_Slot_Cut_Confirmed,IATA Reacts After Greatest Fear Amsterdam Slot Cut Confirmed,,
uaw_auto_strike_2023,UAW targeted strike against Detroit Three automakers,uaw_auto_strike_2023-2023-04-09-0000,2023-04-09,huawei business partners remove huawei logo and brand from all their products,https://www.gizchina.com/2023/04/08/huawei-business-partners-remove-huawei-logo-and-brand-from-all-their-products/,huawei business partners remove huawei logo and brand from all their products,,
uaw_auto_strike_2023,UAW targeted strike against Detroit Three automakers,uaw_auto_strike_2023-2023-08-16-0000,2023-08-16,potential uaw strike ev production,https://www.bangordailynews.com/2023/08/15/news/nation/potential-uaw-strike-ev-production/,potential uaw strike ev production,,
uaw_auto_strike_2023,UAW targeted strike against Detroit Three automakers,uaw_auto_strike_2023-2023-07-21-0000,2023-07-21,trump biden campaigns spar over support of uaw workers ev mandates,https://wiky.com/2023/07/20/trump-biden-campaigns-spar-over-support-of-uaw-workers-ev-mandates/,trump biden campaigns spar over support of uaw workers ev mandates,,
uaw_auto_strike_2023,UAW targeted strike against Detroit Three automakers,uaw_auto_strike_2023-2023-04-22-0000,2023-04-22,new uaw leader already has issues with detroit automakers,https://www.sent-trib.com/2023/04/21/new-uaw-leader-already-has-issues-with-detroit-automakers/,new uaw leader already has issues with detroit automakers,,
uaw_auto_strike_2023,UAW targeted strike against Detroit Three automakers,uaw_auto_strike_2023-2023-09-14-0006,2023-09-14,eye opener united auto workers union prepares for historic strike,https://literock959.com/eye-opener-united-auto-workers-union-prepares-for-historic-strike/,eye opener united auto workers union prepares for historic strike,,
uaw_auto_strike_2023,UAW targeted strike against Detroit Three automakers,uaw_auto_strike_2023-2023-09-14-0003,2023-09-14,auto union negotiations making slow progress as strike looms uaw president says,https://kxel.com/2023/09/13/auto-union-negotiations-making-slow-progress-as-strike-looms-uaw-president-says/,auto union negotiations making slow progress as strike looms uaw president says,,
uaw_auto_strike_2023,UAW targeted strike against Detroit Three automakers,uaw_auto_strike_2023-2023-09-07-0001,2023-09-07,new chips huawei phones sparks controversy over alleged trade violations,https://www.techtimes.com/articles/296043/20230906/new-chips-huawei-phones-sparks-controversy-over-alleged-trade-violations.htm,new chips huawei phones sparks controversy over alleged trade violations,,
uaw_auto_strike_2023,UAW targeted strike against Detroit Three automakers,uaw_auto_strike_2023-2023-08-23-0000,2023-08-23,sia expresses concerns over huaweis expanding chip facility networks in china,https://shanghaiist.com/sia-expresses-concerns-over-huaweis-expanding-chip-facility-networks-in-china/,sia expresses concerns over huaweis expanding chip facility networks in china,,
uaw_auto_strike_2023,UAW targeted strike against Detroit Three automakers,uaw_auto_strike_2023-2023-05-05-0000,2023-05-05,uaw withholding an endorsement of bide n2622846,https://townhall.com/tipsheet/leahbarkoukis/2023/05/05/uaw-withholding-an-endorsement-of-bide-n2622846,uaw withholding an endorsement of bide n2622846,,
uaw_auto_strike_2023,UAW targeted strike against Detroit Three automakers,uaw_auto_strike_2023-2023-09-13-0000,2023-09-13,512 64afa028 9593 44bb b3b8 96b233c72ac0,https://www.wtol.com/article/news/local/uaw-local-14-member-toledo-gm-plant-talks-potential-realities-of-going-on-strike/512-64afa028-9593-44bb-b3b8-96b233c72ac0,512 64afa028 9593 44bb b3b8 96b233c72ac0,,
uaw_auto_strike_2023,UAW targeted strike against Detroit Three automakers,uaw_auto_strike_2023-2023-06-14-0000,2023-06-14,gt editor in chief attends opening of huaweis new state of the art office in qatar,https://www.gulf-times.com/article/662942/business/gt-editor-in-chief-attends-opening-of-huaweis-new-state-of-the-art-office-in-qatar,gt editor in chief attends opening of huaweis new state of the art office in qatar,,
uaw_auto_strike_2023,UAW targeted strike against Detroit Three automakers,uaw_auto_strike_2023-2023-07-04-0001,2023-07-04,team glam from nust secures 3rd position at huawei ict contest global finals,https://www.pakistantoday.com.pk/2023/07/04/team-glam-from-nust-secures-3rd-position-at-huawei-ict-contest-global-finals/,team glam from nust secures 3rd position at huawei ict contest global finals,,
black_sea_grain_exit_2023,Russia exits Black Sea Grain Initiative,black_sea_grain_exit_2023-2023-06-14-0000,2023-06-14,un chief calls for acceleration of black sea grain deal exports,https://whbl.com/2023/06/20/un-chief-calls-for-acceleration-of-black-sea-grain-deal-exports/,un chief calls for acceleration of black sea grain deal exports,,
black_sea_grain_exit_2023,Russia exits Black Sea Grain Initiative,black_sea_grain_exit_2023-2023-05-04-0000,2023-05-04,export prices for russian wheat fell last week ahead of grain deal decision,https://www.hellenicshippingnews.com/export-prices-for-russian-wheat-fell-last-week-ahead-of-grain-deal-decision/,export prices for russian wheat fell last week ahead of grain deal decision,,
black_sea_grain_exit_2023,Russia exits Black Sea Grain Initiative,black_sea_grain_exit_2023-2023-03-17-0000,2023-03-17,20230317 un to do its utmost to ensure integrity continuity of grain deal,https://www.middleeastmonitor.com/20230317-un-to-do-its-utmost-to-ensure-integrity-continuity-of-grain-deal/,20230317 un to do its utmost to ensure integrity continuity of grain deal,,
black_sea_grain_exit_2023,Russia exits Black Sea Grain Initiative,black_sea_grain_exit_2023-2023-06-07-0000,2023-06-07,Russia and Ukraine say ammonia pipeline was damaged in potential blow to grain deal  44061616,https://www.marketscreener.com/news/latest/Russia-and-Ukraine-say-ammonia-pipeline-was-damaged-in-potential-blow-to-grain-deal--44061616/,Russia and Ukraine say ammonia pipeline was damaged in potential blow to grain deal  44061616,,
black_sea_grain_exit_2023,Russia exits Black Sea Grain Initiative,black_sea_grain_exit_2023-2023-03-18-0002,2023-03-18,turkeys erdogan says ukraine grain deal extended.1020121,https://timesofmalta.com/articles/view/turkeys-erdogan-says-ukraine-grain-deal-extended.1020121,turkeys erdogan says ukraine grain deal extended.1020121,,
black_sea_grain_exit_2023,Russia exits Black Sea Grain Initiative,black_sea_grain_exit_2023-2023-03-14-0002,2023-03-14,Russias Position To Extend Grain Deal For 60 Days Contradicts Agreement Minister Kubrakov,https://menafn.com/1105769333/Russias-Position-To-Extend-Grain-Deal-For-60-Days-Contradicts-Agreement-Minister-Kubrakov,Russias Position To Extend Grain Deal For 60 Days Contradicts Agreement Minister Kubrakov,,
black_sea_grain_exit_2023,Russia exits Black Sea Grain Initiative,black_sea_grain_exit_2023-2023-05-17-0002,2023-05-17,1691239018,https://www.belfasttelegraph.co.uk/news/world-news/russia-agrees-to-extend-ukraine-grain-deal-in-boost-for-global-food-security/1691239018.html,1691239018,,
black_sea_grain_exit_2023,Russia exits Black Sea Grain Initiative,black_sea_grain_exit_2023-2023-05-11-0000,2023-05-11,export prices for russian wheat fell last week ahead of grain deal decision,https://www.hellenicshippingnews.com/export-prices-for-russian-wheat-fell-last-week-ahead-of-grain-deal-decision/,export prices for russian wheat fell last week ahead of grain deal decision,,
black_sea_grain_exit_2023,Russia exits Black Sea Grain Initiative,black_sea_grain_exit_2023-2023-06-06-0000,2023-06-06,eu executive extends ukraine grain import restrictions,https://kelo.com/2023/06/05/eu-executive-extends-ukraine-grain-import-restrictions/,eu executive extends ukraine grain import restrictions,,
black_sea_grain_exit_2023,Russia exits Black Sea Grain Initiative,black_sea_grain_exit_2023-2022-04-12-0000,2022-04-12,20230412 kremlin says outlook for black sea grain deal is not so great,https://www.middleeastmonitor.com/20230412-kremlin-says-outlook-for-black-sea-grain-deal-is-not-so-great/,20230412 kremlin says outlook for black sea grain deal is not so great,,
black_sea_grain_exit_2023,Russia exits Black Sea Grain Initiative,black_sea_grain_exit_2023-2023-03-14-0001,2023-03-14,russia ready to accept 60 day extension of wartime grain deal,https://www.centralmaine.com/2023/03/13/russia-ready-to-accept-60-day-extension-of-wartime-grain-deal/,russia ready to accept 60 day extension of wartime grain deal,,
black_sea_grain_exit_2023,Russia exits Black Sea Grain Initiative,black_sea_grain_exit_2023-2023-05-25-0000,2023-05-25,black sea grain deal uncertainties stall ukraine shipments,https://www.usnews.com/news/world/articles/2023-05-25/black-sea-grain-deal-uncertainties-stall-ukraine-shipments,black sea grain deal uncertainties stall ukraine shipments,,
black_sea_grain_exit_2023,Russia exits Black Sea Grain Initiative,black_sea_grain_exit_2023-2023-06-06-0001,2023-06-06,eu restrictions on ukraine grain imports extended to sept 15,https://www.straitstimes.com/world/europe/eu-restrictions-on-ukraine-grain-imports-extended-to-sept-15,eu restrictions on ukraine grain imports extended to sept 15,,
black_sea_grain_exit_2023,Russia exits Black Sea Grain Initiative,black_sea_grain_exit_2023-2023-04-07-0001,2023-04-07,russia threatens to quit ukraine grain deal,https://www.thenationalnews.com/world/europe/2023/04/07/russia-threatens-to-quit-ukraine-grain-deal/,russia threatens to quit ukraine grain deal,,
black_sea_grain_exit_2023,Russia exits Black Sea Grain Initiative,black_sea_grain_exit_2023-2023-03-18-0000,2023-03-18,black sea grain deal extended 142158990,https://news.yahoo.com/black-sea-grain-deal-extended-142158990.html,black sea grain deal extended 142158990,,
black_sea_grain_exit_2023,Russia exits Black Sea Grain Initiative,black_sea_grain_exit_2023-2023-04-24-0000,2023-04-24,ar AA1aeL09,https://www.msn.com/en-us/news/world/russias-war-on-ukraine-latest-russia-warns-grain-deal-in-peril/ar-AA1aeL09,ar AA1aeL09,,
black_sea_grain_exit_2023,Russia exits Black Sea Grain Initiative,black_sea_grain_exit_2023-2023-07-15-0000,2023-07-15,un waits for russian answer as black sea grain deal deadline looms,https://japantoday.com/category/world/un-waits-for-russian-answer-as-black-sea-grain-deal-deadline-looms,un waits for russian answer as black sea grain deal deadline looms,,
black_sea_grain_exit_2023,Russia exits Black Sea Grain Initiative,black_sea_grain_exit_2023-2023-04-28-0000,2023-04-28,talks underway in turkey on ukraines grain exports grain deal,https://www.laprensalatina.com/talks-underway-in-turkey-on-ukraines-grain-exports-grain-deal/,talks underway in turkey on ukraines grain exports grain deal,,
black_sea_grain_exit_2023,Russia exits Black Sea Grain Initiative,black_sea_grain_exit_2023-2023-03-19-0000,2023-03-19,UN Confirms Prolongation Of Ukrainian Grain Initiative,https://menafn.com/1105808600/UN-Confirms-Prolongation-Of-Ukrainian-Grain-Initiative,UN Confirms Prolongation Of Ukrainian Grain Initiative,,
black_sea_grain_exit_2023,Russia exits Black Sea Grain Initiative,black_sea_grain_exit_2023-2023-04-23-0000,2023-04-23,ukraine russia war g7 calls for extension of black sea grain deal,https://www.politico.eu/article/ukraine-russia-war-g7-calls-for-extension-of-black-sea-grain-deal/,ukraine russia war g7 calls for extension of black sea grain deal,,
black_sea_grain_exit_2023,Russia exits Black Sea Grain Initiative,black_sea_grain_exit_2023-2023-03-05-0000,2023-03-05,Turkey says it is working to renew Black Sea grain deal  43165181,https://www.marketscreener.com/news/latest/Turkey-says-it-is-working-to-renew-Black-Sea-grain-deal--43165181/,Turkey says it is working to renew Black Sea grain deal  43165181,,
black_sea_grain_exit_2023,Russia exits Black Sea Grain Initiative,black_sea_grain_exit_2023-2023-07-12-0000,2023-07-12,russias threat to pull out of ukraine grain deal raises fears about global food security,https://businessmirror.com.ph/2023/07/12/russias-threat-to-pull-out-of-ukraine-grain-deal-raises-fears-about-global-food-security/,russias threat to pull out of ukraine grain deal raises fears about global food security,,
black_sea_grain_exit_2023,Russia exits Black Sea Grain Initiative,black_sea_grain_exit_2023-2023-04-21-0000,2023-04-21,hungary calls on eu to protect cee farmers from ukraine grain glut,https://www.polandsun.com/news/273767475/hungary-calls-on-eu-to-protect-cee-farmers-from-ukraine-grain-glut,hungary calls on eu to protect cee farmers from ukraine grain glut,,
black_sea_grain_exit_2023,Russia exits Black Sea Grain Initiative,black_sea_grain_exit_2023-2023-07-15-0001,2023-07-15,no fertilizer exported from russia under grain deal media,https://www.europesun.com/news/273900001/no-fertilizer-exported-from-russia-under-grain-deal-media,no fertilizer exported from russia under grain deal media,,
black_sea_grain_exit_2023,Russia exits Black Sea Grain Initiative,black_sea_grain_exit_2023-2023-05-23-0000,2023-05-23,3099160,https://www.financialexpress.com/economy/government-rules-out-lifting-ban-on-wheat-export/3099160/,3099160,,
india_wheat_export_ban_2022,India bans wheat exports after heat-wave crop damage,india_wheat_export_ban_2022-2022-03-05-0000,2022-03-05,"How to Gain on Grains More Buy Opportunities in Wheat Albert Goldson,2022268173.aspx","https://www.expertclick.com/NewsRelease/How-to-Gain-on-Grains-More-Buy-Opportunities-in-Wheat-Albert-Goldson,2022268173.aspx","How to Gain on Grains More Buy Opportunities in Wheat Albert Goldson,2022268173.aspx",,
india_wheat_export_ban_2022,India bans wheat exports after heat-wave crop damage,india_wheat_export_ban_2022-2022-04-15-0001,2022-04-15,egypt approves india as wheat supplier to import about one million tonnes 122041500863 1,https://www.business-standard.com/article/economy-policy/egypt-approves-india-as-wheat-supplier-to-import-about-one-million-tonnes-122041500863_1.html,egypt approves india as wheat supplier to import about one million tonnes 122041500863 1,,
india_wheat_export_ban_2022,India bans wheat exports after heat-wave crop damage,india_wheat_export_ban_2022-2022-03-09-0001,2022-03-09,egypt explores alternative wheat sources amid ukraine crisis,https://www.al-monitor.com/originals/2022/03/egypt-explores-alternative-wheat-sources-amid-ukraine-crisis,egypt explores alternative wheat sources amid ukraine crisis,,
india_wheat_export_ban_2022,India bans wheat exports after heat-wave crop damage,india_wheat_export_ban_2022-2022-04-11-0000,2022-04-11,russias war in ukraine threatens wheat farming in romania,https://www.wrkf.org/2022-04-10/russias-war-in-ukraine-threatens-wheat-farming-in-romania,russias war in ukraine threatens wheat farming in romania,,
india_wheat_export_ban_2022,India bans wheat exports after heat-wave crop damage,india_wheat_export_ban_2022-2022-05-11-0000,2022-05-11,as black sea supplies fall india sells record 1 4 mln tonnes wheat in april 2,https://financialpost.com/pmn/business-pmn/as-black-sea-supplies-fall-india-sells-record-1-4-mln-tonnes-wheat-in-april-2,as black sea supplies fall india sells record 1 4 mln tonnes wheat in april 2,,
india_wheat_export_ban_2022,India bans wheat exports after heat-wave crop damage,india_wheat_export_ban_2022-2022-04-23-0001,2022-04-23,Crops sewn food crisis deepens Mail Force donations help Halo Trust,https://www.dailymail.co.uk/news/article-10747221/Crops-sewn-food-crisis-deepens-Mail-Force-donations-help-Halo-Trust.html,Crops sewn food crisis deepens Mail Force donations help Halo Trust,,
india_wheat_export_ban_2022,India bans wheat exports after heat-wave crop damage,india_wheat_export_ban_2022-2022-01-26-0000,2022-01-26,another sleeping security guard reported in wheatley,https://www.norfolkandtillsonburgnews.com/news/local-news/another-sleeping-security-guard-reported-in-wheatley,another sleeping security guard reported in wheatley,,
india_wheat_export_ban_2022,India bans wheat exports after heat-wave crop damage,india_wheat_export_ban_2022-2022-02-11-0000,2022-02-11,usda hikes 2021 22 wheat exports estimates cuts output projections,https://www.hellenicshippingnews.com/usda-hikes-2021-22-wheat-exports-estimates-cuts-output-projections/,usda hikes 2021 22 wheat exports estimates cuts output projections,,
india_wheat_export_ban_2022,India bans wheat exports after heat-wave crop damage,india_wheat_export_ban_2022-2022-03-10-0000,2022-03-10,stutzman farms eincorn products recalled for wheat,https://foodpoisoningbulletin.com/2022/stutzman-farms-eincorn-products-recalled-for-wheat/,stutzman farms eincorn products recalled for wheat,,
india_wheat_export_ban_2022,India bans wheat exports after heat-wave crop damage,india_wheat_export_ban_2022-2022-02-18-0000,2022-02-18,top wheat importer egypt not concerned by market disruptions,https://www.hellenicshippingnews.com/top-wheat-importer-egypt-not-concerned-by-market-disruptions/,top wheat importer egypt not concerned by market disruptions,,
india_wheat_export_ban_2022,India bans wheat exports after heat-wave crop damage,india_wheat_export_ban_2022-2021-12-02-0000,2021-12-02,madagascar food crisis caused more by poverty natural weather than climate 2021 12 01,https://www.reuters.com/business/cop/madagascar-food-crisis-caused-more-by-poverty-natural-weather-than-climate-2021-12-01/,madagascar food crisis caused more by poverty natural weather than climate 2021 12 01,,
india_wheat_export_ban_2022,India bans wheat exports after heat-wave crop damage,india_wheat_export_ban_2022-2022-04-27-0000,2022-04-27,state silence on food crisis disastrous 3795428,https://www.businessdailyafrica.com/bd/opinion-analysis/columnists/state-silence-on-food-crisis-disastrous-3795428,state silence on food crisis disastrous 3795428,,
india_wheat_export_ban_2022,India bans wheat exports after heat-wave crop damage,india_wheat_export_ban_2022-2022-03-11-0001,2022-03-11,alberta farmers wheat prices 1.6379852,https://www.cbc.ca/news/canada/calgary/alberta-farmers-wheat-prices-1.6379852,alberta farmers wheat prices 1.6379852,,
india_wheat_export_ban_2022,India bans wheat exports after heat-wave crop damage,india_wheat_export_ban_2022-2021-11-19-0000,2021-11-19,akvosphere gearing to resolve water and food crisis through revolutionary self sustainable water generation system,https://www.dallassun.com/news/271757658/akvosphere-gearing-to-resolve-water-and-food-crisis-through-revolutionary-self-sustainable-water-generation-system,akvosphere gearing to resolve water and food crisis through revolutionary self sustainable water generation system,,
india_wheat_export_ban_2022,India bans wheat exports after heat-wave crop damage,india_wheat_export_ban_2022-2022-05-10-0000,2022-05-10,international community must act to avert largest food crisis in history,https://www.thisdaylive.com/index.php/2022/05/10/international-community-must-act-to-avert-largest-food-crisis-in-history/,international community must act to avert largest food crisis in history,,
india_wheat_export_ban_2022,India bans wheat exports after heat-wave crop damage,india_wheat_export_ban_2022-2022-05-06-0000,2022-05-06,u s rains unlikely to help smallest oklahoma wheat crop since 2014,https://wtaq.com/2022/05/05/u-s-rains-unlikely-to-help-smallest-oklahoma-wheat-crop-since-2014/,u s rains unlikely to help smallest oklahoma wheat crop since 2014,,
india_wheat_export_ban_2022,India bans wheat exports after heat-wave crop damage,india_wheat_export_ban_2022-2022-02-26-0000,2022-02-26,first shipment of 2 500 mt of wheat from india reaches jalalabad 122022600870 1,https://www.business-standard.com/article/current-affairs/first-shipment-of-2-500-mt-of-wheat-from-india-reaches-jalalabad-122022600870_1.html,first shipment of 2 500 mt of wheat from india reaches jalalabad 122022600870 1,,
india_wheat_export_ban_2022,India bans wheat exports after heat-wave crop damage,india_wheat_export_ban_2022-2022-03-04-0001,2022-03-04,rabobank wheat buyers considering other sources,https://drgnews.com/2022/03/04/rabobank-wheat-buyers-considering-other-sources/,rabobank wheat buyers considering other sources,,
india_wheat_export_ban_2022,India bans wheat exports after heat-wave crop damage,india_wheat_export_ban_2022-2022-05-12-0000,2022-05-12,prweb18673752,https://www.prweb.com/releases/wheaton_family_law_attorney_receives_dcbas_ralph_a_gabric_award/prweb18673752.htm,prweb18673752,,
india_wheat_export_ban_2022,India bans wheat exports after heat-wave crop damage,india_wheat_export_ban_2022-2022-05-13-0001,2022-05-13,ukraine faces 35 percent wheat drop,https://www.producer.com/news/ukraine-faces-35-percent-wheat-drop/,ukraine faces 35 percent wheat drop,,
india_wheat_export_ban_2022,India bans wheat exports after heat-wave crop damage,india_wheat_export_ban_2022-2021-12-25-0000,2021-12-25,prairie cash wheat prices booked remarkable upswing in 2021,https://www.grainews.ca/daily/prairie-cash-wheat-prices-booked-remarkable-upswing-in-2021/,prairie cash wheat prices booked remarkable upswing in 2021,,
india_wheat_export_ban_2022,India bans wheat exports after heat-wave crop damage,india_wheat_export_ban_2022-2022-04-23-0000,2022-04-23,indonesia bans edible oil export sparks mayhem global food crisis ahead,https://www.zerohedge.com/commodities/indonesia-bans-edible-oil-export-sparks-mayhem-global-food-crisis-ahead,indonesia bans edible oil export sparks mayhem global food crisis ahead,,
india_wheat_export_ban_2022,India bans wheat exports after heat-wave crop damage,india_wheat_export_ban_2022-2022-05-13-0000,2022-05-13,column world wheat squeeze set,https://www.shorenewsnetwork.com/2022/05/12/column-world-wheat-squeeze-set/,column world wheat squeeze set,,
india_wheat_export_ban_2022,India bans wheat exports after heat-wave crop damage,india_wheat_export_ban_2022-2021-11-26-0000,2021-11-26,argentine wheat improving as harvest advances grain market daily,https://ahdb.org.uk/news/argentine-wheat-improving-as-harvest-advances-grain-market-daily,argentine wheat improving as harvest advances grain market daily,,
india_wheat_export_ban_2022,India bans wheat exports after heat-wave crop damage,india_wheat_export_ban_2022-2022-01-01-0000,2022-01-01,prairie cash wheat bids down despite cold weather russian tensions,https://www.country-guide.ca/daily/prairie-cash-wheat-bids-down-despite-cold-weather-russian-tensions/,prairie cash wheat bids down despite cold weather russian tensions,,
egg_shortage_birdflu_2025,US egg shortage and record prices amid H5N1 outbreaks,egg_shortage_birdflu_2025-2024-09-07-0000,2024-09-07,missouri patient tests positive for bird flu despite no known exposure to animals,https://www.ksat.com/health/2024/09/06/missouri-patient-tests-positive-for-bird-flu-despite-no-known-exposure-to-animals/,missouri patient tests positive for bird flu despite no known exposure to animals,,
egg_shortage_birdflu_2025,US egg shortage and record prices amid H5N1 outbreaks,egg_shortage_birdflu_2025-2024-12-19-0001,2024-12-19,article ed6fd75b 8f44 5b01 80ce 765c48952527,https://www.news-daily.com/plus/patient-hospitalized-in-louisiana-with-first-u-s-case-of-severe-bird-flu/article_ed6fd75b-8f44-5b01-80ce-765c48952527.html,article ed6fd75b 8f44 5b01 80ce 765c48952527,,
egg_shortage_birdflu_2025,US egg shortage and record prices amid H5N1 outbreaks,egg_shortage_birdflu_2025-2025-01-14-0001,2025-01-14,worrisome bc doctor reflects on weeks with first human avian flu case 7756820,https://www.saobserver.net/news/worrisome-bc-doctor-reflects-on-weeks-with-first-human-avian-flu-case-7756820,worrisome bc doctor reflects on weeks with first human avian flu case 7756820,,
egg_shortage_birdflu_2025,US egg shortage and record prices amid H5N1 outbreaks,egg_shortage_birdflu_2025-2024-12-26-0000,2024-12-26,116663973.cms,https://timesofindia.indiatimes.com/life-style/health-fitness/health-news/pet-food-recalled-after-washington-county-cat-dies-of-bird-flu/articleshow/116663973.cms,116663973.cms,,
egg_shortage_birdflu_2025,US egg shortage and record prices amid H5N1 outbreaks,egg_shortage_birdflu_2025-2025-01-11-0000,2025-01-11,belleville avian flu local birds news,https://www.countyweeklynews.ca:443/feature/belleville-avian-flu-local-birds-news,belleville avian flu local birds news,,
egg_shortage_birdflu_2025,US egg shortage and record prices amid H5N1 outbreaks,egg_shortage_birdflu_2025-2024-10-31-0001,2024-10-31,bird flu has been found in a pig for the first time in the u s,https://www.wxpr.org/2024-10-30/bird-flu-has-been-found-in-a-pig-for-the-first-time-in-the-u-s,bird flu has been found in a pig for the first time in the u s,,
egg_shortage_birdflu_2025,US egg shortage and record prices amid H5N1 outbreaks,egg_shortage_birdflu_2025-2024-11-27-0001,2024-11-27,bird flu virus was found in raw milk what to know about the risks 9867744,https://www.airdriecityview.com/lifestyle/bird-flu-virus-was-found-in-raw-milk-what-to-know-about-the-risks-9867744,bird flu virus was found in raw milk what to know about the risks 9867744,,
egg_shortage_birdflu_2025,US egg shortage and record prices amid H5N1 outbreaks,egg_shortage_birdflu_2025-2024-09-26-0001,2024-09-26,review finds serious gaps steps control avian flu mammals,https://www.cidrap.umn.edu/avian-influenza-bird-flu/review-finds-serious-gaps-steps-control-avian-flu-mammals,review finds serious gaps steps control avian flu mammals,,
egg_shortage_birdflu_2025,US egg shortage and record prices amid H5N1 outbreaks,egg_shortage_birdflu_2025-2024-12-16-0000,2024-12-16,egg prices 2025,https://www.foxla.com/news/egg-prices-2025,egg prices 2025,,
egg_shortage_birdflu_2025,US egg shortage and record prices amid H5N1 outbreaks,egg_shortage_birdflu_2025-2024-11-01-0000,2024-11-01,Oregon identifies 3 human cases of bird flu in people from Washington state 48227777,https://www.marketscreener.com/news/latest/Oregon-identifies-3-human-cases-of-bird-flu-in-people-from-Washington-state-48227777/,Oregon identifies 3 human cases of bird flu in people from Washington state 48227777,,
egg_shortage_birdflu_2025,US egg shortage and record prices amid H5N1 outbreaks,egg_shortage_birdflu_2025-2024-12-18-0000,2024-12-18,article 1a7b5898 3310 5ebd 9d2b 2c47c10ee455,https://www.benningtonbanner.com/news/national/cage-free-egg-supply-takes-outsized-hit-as-bird-flu-surges/article_1a7b5898-3310-5ebd-9d2b-2c47c10ee455.html,article 1a7b5898 3310 5ebd 9d2b 2c47c10ee455,,
egg_shortage_birdflu_2025,US egg shortage and record prices amid H5N1 outbreaks,egg_shortage_birdflu_2025-2025-01-14-0000,2025-01-14,university of minnesota gets fast tracked funding to survey wildlife for bird flu,https://www.parkrapidsenterprise.com/news/minnesota/university-of-minnesota-gets-fast-tracked-funding-to-survey-wildlife-for-bird-flu,university of minnesota gets fast tracked funding to survey wildlife for bird flu,,
egg_shortage_birdflu_2025,US egg shortage and record prices amid H5N1 outbreaks,egg_shortage_birdflu_2025-2024-08-20-0000,2024-08-20,us likely undercounting bird flu cases dairy cattle,https://www.bovinevetonline.com/news/industry/us-likely-undercounting-bird-flu-cases-dairy-cattle,us likely undercounting bird flu cases dairy cattle,,
egg_shortage_birdflu_2025,US egg shortage and record prices amid H5N1 outbreaks,egg_shortage_birdflu_2025-2024-12-20-0000,2024-12-20,bird flu leads severe human 212642503,https://www.yahoo.com/news/bird-flu-leads-severe-human-212642503.html,bird flu leads severe human 212642503,,
egg_shortage_birdflu_2025,US egg shortage and record prices amid H5N1 outbreaks,egg_shortage_birdflu_2025-2024-09-13-0000,2024-09-13,why bird flu risks are elevated,https://www.beckershospitalreview.com/public-health/why-bird-flu-risks-are-elevated.html,why bird flu risks are elevated,,
egg_shortage_birdflu_2025,US egg shortage and record prices amid H5N1 outbreaks,egg_shortage_birdflu_2025-2024-12-02-0000,2024-12-02,raw farm llc ordered to recall raw milk for a second time because of bird flu,https://www.foodsafetynews.com/2024/12/raw-farm-llc-ordered-to-recall-raw-milk-for-a-second-time-because-of-bird-flu/,raw farm llc ordered to recall raw milk for a second time because of bird flu,,
egg_shortage_birdflu_2025,US egg shortage and record prices amid H5N1 outbreaks,egg_shortage_birdflu_2025-2024-12-24-0000,2024-12-24,3204984 new zealand successfully contains first avian flu outbreak,https://www.devdiscourse.com/article/health/3204984-new-zealand-successfully-contains-first-avian-flu-outbreak,3204984 new zealand successfully contains first avian flu outbreak,,
egg_shortage_birdflu_2025,US egg shortage and record prices amid H5N1 outbreaks,egg_shortage_birdflu_2025-2025-01-07-0005,2025-01-07,us records its first human bird flu death,https://www.cnbc.com/2025/01/06/us-records-its-first-human-bird-flu-death.html,us records its first human bird flu death,,
egg_shortage_birdflu_2025,US egg shortage and record prices amid H5N1 outbreaks,egg_shortage_birdflu_2025-2025-01-07-0007,2025-01-07,bird flu death louisiana,https://us.cnn.com/2025/01/06/health/bird-flu-death-louisiana/,bird flu death louisiana,,
egg_shortage_birdflu_2025,US egg shortage and record prices amid H5N1 outbreaks,egg_shortage_birdflu_2025-2024-12-12-0002,2024-12-12,california health officials probe raw milk link childs flu infection,https://www.cidrap.umn.edu/avian-influenza-bird-flu/california-health-officials-probe-raw-milk-link-childs-flu-infection,california health officials probe raw milk link childs flu infection,,
egg_shortage_birdflu_2025,US egg shortage and record prices amid H5N1 outbreaks,egg_shortage_birdflu_2025-2024-11-14-0000,2024-11-14,bc avian bird flu human infection confirmed,https://vancouversun.com:443/news/bc-avian-bird-flu-human-infection-confirmed,bc avian bird flu human infection confirmed,,
egg_shortage_birdflu_2025,US egg shortage and record prices amid H5N1 outbreaks,egg_shortage_birdflu_2025-2024-11-01-0002,2024-11-01,can i get bird flu from eating eggs drinking milk we asked a california disease expert,https://www.dailylocal.com/2024/10/31/can-i-get-bird-flu-from-eating-eggs-drinking-milk-we-asked-a-california-disease-expert/,can i get bird flu from eating eggs drinking milk we asked a california disease expert,,
egg_shortage_birdflu_2025,US egg shortage and record prices amid H5N1 outbreaks,egg_shortage_birdflu_2025-2024-10-22-0000,2024-10-22,washington health officials investigate suspected avian flu infections in poultry workers.aspx,https://www.rttnews.com/3482781/washington-health-officials-investigate-suspected-avian-flu-infections-in-poultry-workers.aspx,washington health officials investigate suspected avian flu infections in poultry workers.aspx,,
egg_shortage_birdflu_2025,US egg shortage and record prices amid H5N1 outbreaks,egg_shortage_birdflu_2025-2024-12-25-0000,2024-12-25,2024 12 24 cat food linked to bird flu death,https://jamn1075.iheart.com/content/2024-12-24-cat-food-linked-to-bird-flu-death/,2024 12 24 cat food linked to bird flu death,,
egg_shortage_birdflu_2025,US egg shortage and record prices amid H5N1 outbreaks,egg_shortage_birdflu_2025-2024-12-28-0000,2024-12-28,bird flu virus mutations,https://www.mcall.com/2024/12/27/bird-flu-virus-mutations/,bird flu virus mutations,,
russia_ukraine_war_2022,Russia's full-scale invasion of Ukraine,russia_ukraine_war_2022-2022-02-11-0000,2022-02-11,article 9232edda 2edb 50be 8cea 8ece8f2cff9c,https://www.gjsentinel.com/news/us/uks-johnson-cites-a-dangerous-moment-in-ukraine-crisis/article_9232edda-2edb-50be-8cea-8ece8f2cff9c.html,article 9232edda 2edb 50be 8cea 8ece8f2cff9c,,
russia_ukraine_war_2022,Russia's full-scale invasion of Ukraine,russia_ukraine_war_2022-2022-02-01-0002,2022-02-01,u s and russia clashed over the ukraine crisis at the u n security council meeting,https://www.ksmu.org/2022-01-31/u-s-and-russia-clashed-over-the-ukraine-crisis-at-the-u-n-security-council-meeting,u s and russia clashed over the ukraine crisis at the u n security council meeting,,
russia_ukraine_war_2022,Russia's full-scale invasion of Ukraine,russia_ukraine_war_2022-2022-02-05-0002,2022-02-05,article 5516579c 032c 57e4 b47f b0c4b1e63624,https://www.ivpressonline.com/news/world/french-german-leaders-to-visit-russia-ukraine-amid-tension/article_5516579c-032c-57e4-b47f-b0c4b1e63624.html,article 5516579c 032c 57e4 b47f b0c4b1e63624,,
russia_ukraine_war_2022,Russia's full-scale invasion of Ukraine,russia_ukraine_war_2022-2022-02-16-0001,2022-02-16,article 45bdb1bd 36c0 5d8b 964c c63224d2323d,https://omaha.com/news/national/govt-and-politics/senators-issue-bipartisan-support-for-ukraine-warn-russia/article_45bdb1bd-36c0-5d8b-964c-c63224d2323d.html,article 45bdb1bd 36c0 5d8b 964c c63224d2323d,,
russia_ukraine_war_2022,Russia's full-scale invasion of Ukraine,russia_ukraine_war_2022-2022-01-20-0000,2022-01-20,russia ukraine joe biden news conference,https://cnnphilippines.com:443/world/2022/1/20/russia-ukraine-joe-biden-news-conference.html,russia ukraine joe biden news conference,,
russia_ukraine_war_2022,Russia's full-scale invasion of Ukraine,russia_ukraine_war_2022-2022-02-10-0000,2022-02-10,US troops roll into Romania amidst Ukraine crisis,https://www.onenewspage.com/n/US/1zoadjcew6/US-troops-roll-into-Romania-amidst-Ukraine-crisis.htm,US troops roll into Romania amidst Ukraine crisis,,
russia_ukraine_war_2022,Russia's full-scale invasion of Ukraine,russia_ukraine_war_2022-2022-02-19-0009,2022-02-19,kazakhstans internet shutdown offers lessons for russia ukraine crisis,https://bdnews24.com/technology/2022/02/19/kazakhstans-internet-shutdown-offers-lessons-for-russia-ukraine-crisis,kazakhstans internet shutdown offers lessons for russia ukraine crisis,,
russia_ukraine_war_2022,Russia's full-scale invasion of Ukraine,russia_ukraine_war_2022-2022-02-11-0001,2022-02-11,us says russia masses more troops near ukraine invasion could come at any time,https://kelo.com/2022/02/11/us-says-russia-masses-more-troops-near-ukraine-invasion-could-come-at-any-time/,us says russia masses more troops near ukraine invasion could come at any time,,
russia_ukraine_war_2022,Russia's full-scale invasion of Ukraine,russia_ukraine_war_2022-2021-12-12-0000,2021-12-12,19778241.uk us join warning consequences russia ukraine,https://www.clactonandfrintongazette.co.uk/news/national/19778241.uk-us-join-warning-consequences-russia-ukraine/,19778241.uk us join warning consequences russia ukraine,,
russia_ukraine_war_2022,Russia's full-scale invasion of Ukraine,russia_ukraine_war_2022-2021-09-10-0000,2021-09-10,russia ukraine border conflict zelensky b1917799,https://www.independent.co.uk/news/world/europe/russia-ukraine-border-conflict-zelensky-b1917799.html,russia ukraine border conflict zelensky b1917799,,
russia_ukraine_war_2022,Russia's full-scale invasion of Ukraine,russia_ukraine_war_2022-2022-02-23-0014,2022-02-23,0,https://www.qatarday.com/News/canada-announces-first-round-of-economic-sanctions-on-russia-over-ukraine-crisis/13205/0,0,,
russia_ukraine_war_2022,Russia's full-scale invasion of Ukraine,russia_ukraine_war_2022-2021-12-31-0002,2021-12-31,biden putin hold 2nd call in weeks amid russia ukraine tensions,https://www.fox5dc.com/news/biden-putin-hold-2nd-call-in-weeks-amid-russia-ukraine-tensions,biden putin hold 2nd call in weeks amid russia ukraine tensions,,
russia_ukraine_war_2022,Russia's full-scale invasion of Ukraine,russia_ukraine_war_2022-2022-02-23-0012,2022-02-23,gallup poll just 36 percent approve of biden on russia ukraine,https://www.kabc.com/news/gallup-poll-just-36-percent-approve-of-biden-on-russia-ukraine/,gallup poll just 36 percent approve of biden on russia ukraine,,
russia_ukraine_war_2022,Russia's full-scale invasion of Ukraine,russia_ukraine_war_2022-2022-01-30-0000,2022-01-30,britain considering major nato deployment amid ukraine crisis,https://www.thestar.com.my/news/world/2022/01/30/britain-considering-major-nato-deployment-amid-ukraine-crisis,britain considering major nato deployment amid ukraine crisis,,
russia_ukraine_war_2022,Russia's full-scale invasion of Ukraine,russia_ukraine_war_2022-2022-02-23-0003,2022-02-23,trump weighs in on bidens handling of russia ukraine situation,https://www.oann.com/trump-weighs-in-on-bidens-handling-of-russia-ukraine-situation/,trump weighs in on bidens handling of russia ukraine situation,,
russia_ukraine_war_2022,Russia's full-scale invasion of Ukraine,russia_ukraine_war_2022-2022-02-23-0018,2022-02-23,india believes in rules based order mos lekhi on ukraine crisis 323691 2022 02 23,https://www.businesstoday.in/latest/trends/story/india-believes-in-rules-based-order-mos-lekhi-on-ukraine-crisis-323691-2022-02-23,india believes in rules based order mos lekhi on ukraine crisis 323691 2022 02 23,,
russia_ukraine_war_2022,Russia's full-scale invasion of Ukraine,russia_ukraine_war_2022-2022-02-23-0016,2022-02-23,evangelical decries orthodox rift underlying russia ukraine saga,https://www.christianpost.com:443/news/evangelical-decries-orthodox-rift-underlying-russia-ukraine-saga.html,evangelical decries orthodox rift underlying russia ukraine saga,,
russia_ukraine_war_2022,Russia's full-scale invasion of Ukraine,russia_ukraine_war_2022-2022-02-13-0002,2022-02-13,article bee8fc4c 1c0b 55ae b39c d77ca84667da,https://www.ncnewsonline.com/news/national/biden-warns-putin-of-severe-costs-of-ukraine-invasion/article_bee8fc4c-1c0b-55ae-b39c-d77ca84667da.html,article bee8fc4c 1c0b 55ae b39c d77ca84667da,,
russia_ukraine_war_2022,Russia's full-scale invasion of Ukraine,russia_ukraine_war_2022-2021-12-10-0000,2021-12-10,biden has successfully solved the ukraine crisis he manufactured,https://www.kenyastar.com/news/271908245/biden-has-successfully-solved-the-ukraine-crisis-he-manufactured,biden has successfully solved the ukraine crisis he manufactured,,
russia_ukraine_war_2022,Russia's full-scale invasion of Ukraine,russia_ukraine_war_2022-2022-02-01-0005,2022-02-01,ukraine crisis talks move to moscow and washington,https://jerseyeveningpost.com/morenews/worldnews/2022/02/07/ukraine-crisis-talks-move-to-moscow-and-washington/,ukraine crisis talks move to moscow and washington,,
russia_ukraine_war_2022,Russia's full-scale invasion of Ukraine,russia_ukraine_war_2022-2022-02-13-0013,2022-02-13,russia military drills amid possible ukraine invasion n 62124236e4b0f93b2619ce33,https://www.huffpost.com/entry/russia-military-drills-amid-possible-ukraine-invasion_n_62124236e4b0f93b2619ce33,russia military drills amid possible ukraine invasion n 62124236e4b0f93b2619ce33,,
russia_ukraine_war_2022,Russia's full-scale invasion of Ukraine,russia_ukraine_war_2022-2022-02-07-0006,2022-02-07,biden and bennett discuss iran ukraine crisis in phone call,https://www1.cbn.com/cbnnews/israel/2022/february/biden-and-bennett-discuss-iran-ukraine-crisis-in-phone-call,biden and bennett discuss iran ukraine crisis in phone call,,
russia_ukraine_war_2022,Russia's full-scale invasion of Ukraine,russia_ukraine_war_2022-2021-12-15-0000,2021-12-15,russia sends security proposals on nato to us as ukraine tensions soar a75828,https://www.themoscowtimes.com/2021/12/15/russia-sends-security-proposals-on-nato-to-us-as-ukraine-tensions-soar-a75828,russia sends security proposals on nato to us as ukraine tensions soar a75828,,
russia_ukraine_war_2022,Russia's full-scale invasion of Ukraine,russia_ukraine_war_2022-2022-01-30-0003,2022-01-30,US Panetta Russia Ukraine Conflict,https://www.presstv.ir/Detail/2022/01/29/675784/US-Panetta-Russia-Ukraine-Conflict,US Panetta Russia Ukraine Conflict,,
russia_ukraine_war_2022,Russia's full-scale invasion of Ukraine,russia_ukraine_war_2022-2022-02-18-0000,2022-02-18,Five things to know about the Russia Ukraine 16927447.php,https://www.myjournalcourier.com/news/article/Five-things-to-know-about-the-Russia-Ukraine-16927447.php,Five things to know about the Russia Ukraine 16927447.php,,
beirut_port_explosion_2020,Beirut port ammonium-nitrate explosion,beirut_port_explosion_2020-2020-03-26-0000,2020-03-26,beirut looks to rewire broken economy,https://www.meed.com/beirut-looks-to-rewire-broken-economy,beirut looks to rewire broken economy,,
beirut_port_explosion_2020,Beirut port ammonium-nitrate explosion,beirut_port_explosion_2020-2020-04-18-0000,2020-04-18,Holy Fire to arrive in Beirut this evening,http://nna-leb.gov.lb/en/show-news/114541/Holy-Fire-to-arrive-in-Beirut-this-evening,Holy Fire to arrive in Beirut this evening,,
beirut_port_explosion_2020,Beirut port ammonium-nitrate explosion,beirut_port_explosion_2020-2020-04-28-0000,2020-04-28,lebanon deputy country director for programs beirut,https://www.coordinationsud.org/offre-emploi/lebanon-deputy-country-director-for-programs-beirut/,lebanon deputy country director for programs beirut,,
beirut_port_explosion_2020,Beirut port ammonium-nitrate explosion,beirut_port_explosion_2020-2020-06-07-0000,2020-06-07,hundreds anti government protesters flood beirut afresh,http://www.jordantimes.com/news/region/hundreds-anti-government-protesters-flood-beirut-afresh,hundreds anti government protesters flood beirut afresh,,
beirut_port_explosion_2020,Beirut port ammonium-nitrate explosion,beirut_port_explosion_2020-2020-06-16-0000,2020-06-16,beiruts nightlife on the brink as pandemic compounds financial crisis,https://yalibnan.com/2020/06/16/beiruts-nightlife-on-the-brink-as-pandemic-compounds-financial-crisis/,beiruts nightlife on the brink as pandemic compounds financial crisis,,
beirut_port_explosion_2020,Beirut port ammonium-nitrate explosion,beirut_port_explosion_2020-2020-06-30-0000,2020-06-30,Lebanese protesters denounce US interference outside Foreign Ministry in Beirut,https://www.presstv.com/Detail/2020/06/29/628524/Lebanese-protesters-denounce-US-interference-outside-Foreign-Ministry-in-Beirut,Lebanese protesters denounce US interference outside Foreign Ministry in Beirut,,
beirut_port_explosion_2020,Beirut port ammonium-nitrate explosion,beirut_port_explosion_2020-2020-07-08-0000,2020-07-08,Abdel Samad meets CNN senior international correspondent in Beirut,http://nna-leb.gov.lb/en/show-news/117572/Abdel-Samad-meets-CNN-senior-international-correspondent-in-Beirut,Abdel Samad meets CNN senior international correspondent in Beirut,,
beirut_port_explosion_2020,Beirut port ammonium-nitrate explosion,beirut_port_explosion_2020-2020-07-09-0000,2020-07-09,22902 pro hezbollah supporters stage protest in beirut against us top military envoys visit,http://me-confidential.com/22902-pro-hezbollah-supporters-stage-protest-in-beirut-against-us-top-military-envoys-visit.html,22902 pro hezbollah supporters stage protest in beirut against us top military envoys visit,,
beirut_port_explosion_2020,Beirut port ammonium-nitrate explosion,beirut_port_explosion_2020-2020-07-10-0000,2020-07-10,en,https://www.lbcgroup.tv/news/lebanon-news/533323/first-a321-airplane-arrives-to-beirut-airport-phot/en,en,,
beirut_port_explosion_2020,Beirut port ammonium-nitrate explosion,beirut_port_explosion_2020-2020-07-17-0000,2020-07-17,Protesters gather at Beirut 39 Martyrs square called forth by retired military servicemen,http://nna-leb.gov.lb/en/show-news/117924/Protesters-gather-at-Beirut-39-Martyrs-square-called-forth-by-retired-military-servicemen,Protesters gather at Beirut 39 Martyrs square called forth by retired military servicemen,,
beirut_port_explosion_2020,Beirut port ammonium-nitrate explosion,beirut_port_explosion_2020-2020-07-21-0000,2020-07-21,beirut university chief says firing 850 staff should have been better managed 1.1052101,https://www.thenational.ae/world/mena/beirut-university-chief-says-firing-850-staff-should-have-been-better-managed-1.1052101,beirut university chief says firing 850 staff should have been better managed 1.1052101,,
beirut_port_explosion_2020,Beirut port ammonium-nitrate explosion,beirut_port_explosion_2020-2020-07-24-0000,2020-07-24,2 u s fighter jets came near iranian mahan air plane over syria on way to beirut,https://yalibnan.com/2020/07/24/2-u-s-fighter-jets-came-near-iranian-mahan-air-plane-over-syria-on-way-to-beirut/,2 u s fighter jets came near iranian mahan air plane over syria on way to beirut,,
beirut_port_explosion_2020,Beirut port ammonium-nitrate explosion,beirut_port_explosion_2020-2020-08-03-0000,2020-08-03,kenya consulate beirut mission probe intl,https://www.cnn.com/2020/07/30/africa/kenya-consulate-beirut-mission-probe-intl/,kenya consulate beirut mission probe intl,,
